[17-Mar-2025 09:15:51 Asia/Manila] The file kiosk1.php could not be found.
[17-Mar-2025 09:15:52 Asia/Manila] The file kiosk1.php could not be found.
[17-Mar-2025 09:15:52 Asia/Manila] The file kiosk1.php could not be found.
[17-Mar-2025 09:16:49 Asia/Manila] The file kiosk1.php could not be found.
[17-Mar-2025 09:17:31 Asia/Manila] The file kiosk1.php could not be found.
[17-Mar-2025 09:18:41 Asia/Manila] PHP Warning:  Undefined array key "priority_check" in C:\xampp\htdocs\QUEUE\module\kiosk\controller.php on line 17
[17-Mar-2025 09:18:41 Asia/Manila] PHP Warning:  Undefined variable $AY in C:\xampp\htdocs\QUEUE\include\functions.php on line 129
[17-Mar-2025 09:18:41 Asia/Manila] PHP Warning:  Undefined variable $SEMESTER in C:\xampp\htdocs\QUEUE\include\functions.php on line 130
[17-Mar-2025 09:18:41 Asia/Manila] PHP Warning:  Undefined variable $ip in C:\xampp\htdocs\QUEUE\include\functions.php on line 131
[17-Mar-2025 09:18:47 Asia/Manila] PHP Warning:  Undefined array key "priority_check" in C:\xampp\htdocs\QUEUE\module\kiosk\controller.php on line 17
[17-Mar-2025 09:18:47 Asia/Manila] PHP Warning:  Undefined variable $AY in C:\xampp\htdocs\QUEUE\include\functions.php on line 129
[17-Mar-2025 09:18:47 Asia/Manila] PHP Warning:  Undefined variable $SEMESTER in C:\xampp\htdocs\QUEUE\include\functions.php on line 130
[17-Mar-2025 09:18:47 Asia/Manila] PHP Warning:  Undefined variable $ip in C:\xampp\htdocs\QUEUE\include\functions.php on line 131
[17-Mar-2025 09:18:52 Asia/Manila] PHP Warning:  Undefined variable $AY in C:\xampp\htdocs\QUEUE\include\functions.php on line 129
[17-Mar-2025 09:18:52 Asia/Manila] PHP Warning:  Undefined variable $SEMESTER in C:\xampp\htdocs\QUEUE\include\functions.php on line 130
[17-Mar-2025 09:18:52 Asia/Manila] PHP Warning:  Undefined variable $ip in C:\xampp\htdocs\QUEUE\include\functions.php on line 131
[17-Mar-2025 09:19:55 Asia/Manila] PHP Warning:  Undefined variable $AY in C:\xampp\htdocs\QUEUE\include\functions.php on line 129
[17-Mar-2025 09:19:55 Asia/Manila] PHP Warning:  Undefined variable $SEMESTER in C:\xampp\htdocs\QUEUE\include\functions.php on line 130
[17-Mar-2025 09:19:55 Asia/Manila] PHP Warning:  Undefined variable $ip in C:\xampp\htdocs\QUEUE\include\functions.php on line 131
[17-Mar-2025 09:19:55 Asia/Manila] The file kiosk1.php could not be found.
[17-Mar-2025 09:19:55 Asia/Manila] PHP Warning:  Attempt to read property "queue_number" on bool in C:\xampp\htdocs\QUEUE\module\cashier\list.php on line 45
[17-Mar-2025 09:19:55 Asia/Manila] PHP Warning:  Attempt to read property "transaction_id" on bool in C:\xampp\htdocs\QUEUE\module\cashier\list.php on line 102
[17-Mar-2025 09:19:55 Asia/Manila] PHP Warning:  Attempt to read property "transaction_id" on bool in C:\xampp\htdocs\QUEUE\module\cashier\list.php on line 109
[17-Mar-2025 09:19:55 Asia/Manila] PHP Warning:  Attempt to read property "transaction_id" on bool in C:\xampp\htdocs\QUEUE\module\cashier\list.php on line 116
[17-Mar-2025 09:20:01 Asia/Manila] PHP Warning:  Attempt to read property "queue_number" on bool in C:\xampp\htdocs\QUEUE\module\cashier\list.php on line 45
[17-Mar-2025 09:20:01 Asia/Manila] PHP Warning:  Attempt to read property "transaction_id" on bool in C:\xampp\htdocs\QUEUE\module\cashier\list.php on line 102
[17-Mar-2025 09:20:01 Asia/Manila] PHP Warning:  Attempt to read property "transaction_id" on bool in C:\xampp\htdocs\QUEUE\module\cashier\list.php on line 109
[17-Mar-2025 09:20:01 Asia/Manila] PHP Warning:  Attempt to read property "transaction_id" on bool in C:\xampp\htdocs\QUEUE\module\cashier\list.php on line 116
[17-Mar-2025 09:20:07 Asia/Manila] PHP Warning:  Attempt to read property "queue_number" on bool in C:\xampp\htdocs\QUEUE\module\cashier\list.php on line 45
[17-Mar-2025 09:20:07 Asia/Manila] PHP Warning:  Attempt to read property "transaction_id" on bool in C:\xampp\htdocs\QUEUE\module\cashier\list.php on line 102
[17-Mar-2025 09:20:07 Asia/Manila] PHP Warning:  Attempt to read property "transaction_id" on bool in C:\xampp\htdocs\QUEUE\module\cashier\list.php on line 109
[17-Mar-2025 09:20:07 Asia/Manila] PHP Warning:  Attempt to read property "transaction_id" on bool in C:\xampp\htdocs\QUEUE\module\cashier\list.php on line 116
[17-Mar-2025 09:20:10 Asia/Manila] PHP Warning:  Attempt to read property "queue_number" on bool in C:\xampp\htdocs\QUEUE\module\cashier\list.php on line 45
[17-Mar-2025 09:20:10 Asia/Manila] PHP Warning:  Attempt to read property "transaction_id" on bool in C:\xampp\htdocs\QUEUE\module\cashier\list.php on line 102
[17-Mar-2025 09:20:10 Asia/Manila] PHP Warning:  Attempt to read property "transaction_id" on bool in C:\xampp\htdocs\QUEUE\module\cashier\list.php on line 109
[17-Mar-2025 09:20:10 Asia/Manila] PHP Warning:  Attempt to read property "transaction_id" on bool in C:\xampp\htdocs\QUEUE\module\cashier\list.php on line 116
[17-Mar-2025 09:20:15 Asia/Manila] PHP Warning:  Attempt to read property "queue_number" on bool in C:\xampp\htdocs\QUEUE\module\cashier\list.php on line 45
[17-Mar-2025 09:20:15 Asia/Manila] PHP Warning:  Attempt to read property "transaction_id" on bool in C:\xampp\htdocs\QUEUE\module\cashier\list.php on line 102
[17-Mar-2025 09:20:15 Asia/Manila] PHP Warning:  Attempt to read property "transaction_id" on bool in C:\xampp\htdocs\QUEUE\module\cashier\list.php on line 109
[17-Mar-2025 09:20:15 Asia/Manila] PHP Warning:  Attempt to read property "transaction_id" on bool in C:\xampp\htdocs\QUEUE\module\cashier\list.php on line 116
[17-Mar-2025 09:20:20 Asia/Manila] PHP Warning:  Attempt to read property "queue_number" on bool in C:\xampp\htdocs\QUEUE\module\cashier\list.php on line 45
[17-Mar-2025 09:20:20 Asia/Manila] PHP Warning:  Attempt to read property "transaction_id" on bool in C:\xampp\htdocs\QUEUE\module\cashier\list.php on line 102
[17-Mar-2025 09:20:20 Asia/Manila] PHP Warning:  Attempt to read property "transaction_id" on bool in C:\xampp\htdocs\QUEUE\module\cashier\list.php on line 109
[17-Mar-2025 09:20:20 Asia/Manila] PHP Warning:  Attempt to read property "transaction_id" on bool in C:\xampp\htdocs\QUEUE\module\cashier\list.php on line 116
[17-Mar-2025 09:20:26 Asia/Manila] PHP Warning:  Attempt to read property "queue_number" on bool in C:\xampp\htdocs\QUEUE\module\cashier\list.php on line 45
[17-Mar-2025 09:20:26 Asia/Manila] PHP Warning:  Attempt to read property "transaction_id" on bool in C:\xampp\htdocs\QUEUE\module\cashier\list.php on line 102
[17-Mar-2025 09:20:26 Asia/Manila] PHP Warning:  Attempt to read property "transaction_id" on bool in C:\xampp\htdocs\QUEUE\module\cashier\list.php on line 109
[17-Mar-2025 09:20:26 Asia/Manila] PHP Warning:  Attempt to read property "transaction_id" on bool in C:\xampp\htdocs\QUEUE\module\cashier\list.php on line 116
[17-Mar-2025 09:20:32 Asia/Manila] PHP Warning:  Attempt to read property "queue_number" on bool in C:\xampp\htdocs\QUEUE\module\cashier\list.php on line 45
[17-Mar-2025 09:20:32 Asia/Manila] PHP Warning:  Attempt to read property "transaction_id" on bool in C:\xampp\htdocs\QUEUE\module\cashier\list.php on line 102
[17-Mar-2025 09:20:32 Asia/Manila] PHP Warning:  Attempt to read property "transaction_id" on bool in C:\xampp\htdocs\QUEUE\module\cashier\list.php on line 109
[17-Mar-2025 09:20:32 Asia/Manila] PHP Warning:  Attempt to read property "transaction_id" on bool in C:\xampp\htdocs\QUEUE\module\cashier\list.php on line 116
[17-Mar-2025 09:20:39 Asia/Manila] PHP Warning:  Attempt to read property "queue_number" on bool in C:\xampp\htdocs\QUEUE\module\cashier\list.php on line 45
[17-Mar-2025 09:20:39 Asia/Manila] PHP Warning:  Attempt to read property "transaction_id" on bool in C:\xampp\htdocs\QUEUE\module\cashier\list.php on line 102
[17-Mar-2025 09:20:39 Asia/Manila] PHP Warning:  Attempt to read property "transaction_id" on bool in C:\xampp\htdocs\QUEUE\module\cashier\list.php on line 109
[17-Mar-2025 09:20:39 Asia/Manila] PHP Warning:  Attempt to read property "transaction_id" on bool in C:\xampp\htdocs\QUEUE\module\cashier\list.php on line 116
[17-Mar-2025 09:20:44 Asia/Manila] PHP Warning:  Attempt to read property "queue_number" on bool in C:\xampp\htdocs\QUEUE\module\cashier\list.php on line 45
[17-Mar-2025 09:20:44 Asia/Manila] PHP Warning:  Attempt to read property "transaction_id" on bool in C:\xampp\htdocs\QUEUE\module\cashier\list.php on line 102
[17-Mar-2025 09:20:44 Asia/Manila] PHP Warning:  Attempt to read property "transaction_id" on bool in C:\xampp\htdocs\QUEUE\module\cashier\list.php on line 109
[17-Mar-2025 09:20:44 Asia/Manila] PHP Warning:  Attempt to read property "transaction_id" on bool in C:\xampp\htdocs\QUEUE\module\cashier\list.php on line 116
[17-Mar-2025 09:20:49 Asia/Manila] PHP Warning:  Attempt to read property "queue_number" on bool in C:\xampp\htdocs\QUEUE\module\cashier\list.php on line 45
[17-Mar-2025 09:20:49 Asia/Manila] PHP Warning:  Attempt to read property "transaction_id" on bool in C:\xampp\htdocs\QUEUE\module\cashier\list.php on line 102
[17-Mar-2025 09:20:49 Asia/Manila] PHP Warning:  Attempt to read property "transaction_id" on bool in C:\xampp\htdocs\QUEUE\module\cashier\list.php on line 109
[17-Mar-2025 09:20:49 Asia/Manila] PHP Warning:  Attempt to read property "transaction_id" on bool in C:\xampp\htdocs\QUEUE\module\cashier\list.php on line 116
[17-Mar-2025 09:20:54 Asia/Manila] PHP Warning:  Attempt to read property "queue_number" on bool in C:\xampp\htdocs\QUEUE\module\cashier\list.php on line 45
[17-Mar-2025 09:20:54 Asia/Manila] PHP Warning:  Attempt to read property "transaction_id" on bool in C:\xampp\htdocs\QUEUE\module\cashier\list.php on line 102
[17-Mar-2025 09:20:54 Asia/Manila] PHP Warning:  Attempt to read property "transaction_id" on bool in C:\xampp\htdocs\QUEUE\module\cashier\list.php on line 109
[17-Mar-2025 09:20:54 Asia/Manila] PHP Warning:  Attempt to read property "transaction_id" on bool in C:\xampp\htdocs\QUEUE\module\cashier\list.php on line 116
[17-Mar-2025 09:21:00 Asia/Manila] PHP Warning:  Attempt to read property "queue_number" on bool in C:\xampp\htdocs\QUEUE\module\cashier\list.php on line 45
[17-Mar-2025 09:21:00 Asia/Manila] PHP Warning:  Attempt to read property "transaction_id" on bool in C:\xampp\htdocs\QUEUE\module\cashier\list.php on line 102
[17-Mar-2025 09:21:00 Asia/Manila] PHP Warning:  Attempt to read property "transaction_id" on bool in C:\xampp\htdocs\QUEUE\module\cashier\list.php on line 109
[17-Mar-2025 09:21:00 Asia/Manila] PHP Warning:  Attempt to read property "transaction_id" on bool in C:\xampp\htdocs\QUEUE\module\cashier\list.php on line 116
[17-Mar-2025 09:21:07 Asia/Manila] PHP Warning:  Attempt to read property "queue_number" on bool in C:\xampp\htdocs\QUEUE\module\cashier\list.php on line 45
[17-Mar-2025 09:21:07 Asia/Manila] PHP Warning:  Attempt to read property "transaction_id" on bool in C:\xampp\htdocs\QUEUE\module\cashier\list.php on line 102
[17-Mar-2025 09:21:07 Asia/Manila] PHP Warning:  Attempt to read property "transaction_id" on bool in C:\xampp\htdocs\QUEUE\module\cashier\list.php on line 109
[17-Mar-2025 09:21:07 Asia/Manila] PHP Warning:  Attempt to read property "transaction_id" on bool in C:\xampp\htdocs\QUEUE\module\cashier\list.php on line 116
[17-Mar-2025 09:21:12 Asia/Manila] PHP Warning:  Attempt to read property "queue_number" on bool in C:\xampp\htdocs\QUEUE\module\cashier\list.php on line 45
[17-Mar-2025 09:21:12 Asia/Manila] PHP Warning:  Attempt to read property "transaction_id" on bool in C:\xampp\htdocs\QUEUE\module\cashier\list.php on line 102
[17-Mar-2025 09:21:12 Asia/Manila] PHP Warning:  Attempt to read property "transaction_id" on bool in C:\xampp\htdocs\QUEUE\module\cashier\list.php on line 109
[17-Mar-2025 09:21:12 Asia/Manila] PHP Warning:  Attempt to read property "transaction_id" on bool in C:\xampp\htdocs\QUEUE\module\cashier\list.php on line 116
[17-Mar-2025 09:21:19 Asia/Manila] PHP Warning:  Attempt to read property "queue_number" on bool in C:\xampp\htdocs\QUEUE\module\cashier\list.php on line 45
[17-Mar-2025 09:21:19 Asia/Manila] PHP Warning:  Attempt to read property "transaction_id" on bool in C:\xampp\htdocs\QUEUE\module\cashier\list.php on line 102
[17-Mar-2025 09:21:19 Asia/Manila] PHP Warning:  Attempt to read property "transaction_id" on bool in C:\xampp\htdocs\QUEUE\module\cashier\list.php on line 109
[17-Mar-2025 09:21:19 Asia/Manila] PHP Warning:  Attempt to read property "transaction_id" on bool in C:\xampp\htdocs\QUEUE\module\cashier\list.php on line 116
[17-Mar-2025 09:21:24 Asia/Manila] PHP Warning:  Attempt to read property "queue_number" on bool in C:\xampp\htdocs\QUEUE\module\cashier\list.php on line 45
[17-Mar-2025 09:21:24 Asia/Manila] PHP Warning:  Attempt to read property "transaction_id" on bool in C:\xampp\htdocs\QUEUE\module\cashier\list.php on line 102
[17-Mar-2025 09:21:24 Asia/Manila] PHP Warning:  Attempt to read property "transaction_id" on bool in C:\xampp\htdocs\QUEUE\module\cashier\list.php on line 109
[17-Mar-2025 09:21:24 Asia/Manila] PHP Warning:  Attempt to read property "transaction_id" on bool in C:\xampp\htdocs\QUEUE\module\cashier\list.php on line 116
[17-Mar-2025 09:21:25 Asia/Manila] PHP Warning:  Attempt to read property "queue_number" on bool in C:\xampp\htdocs\QUEUE\module\monitor\list.php on line 37
[17-Mar-2025 09:21:25 Asia/Manila] PHP Warning:  Attempt to read property "counter_name" on bool in C:\xampp\htdocs\QUEUE\module\monitor\list.php on line 39
[17-Mar-2025 09:21:30 Asia/Manila] PHP Warning:  Attempt to read property "queue_number" on bool in C:\xampp\htdocs\QUEUE\module\cashier\list.php on line 45
[17-Mar-2025 09:21:30 Asia/Manila] PHP Warning:  Attempt to read property "transaction_id" on bool in C:\xampp\htdocs\QUEUE\module\cashier\list.php on line 102
[17-Mar-2025 09:21:30 Asia/Manila] PHP Warning:  Attempt to read property "transaction_id" on bool in C:\xampp\htdocs\QUEUE\module\cashier\list.php on line 109
[17-Mar-2025 09:21:30 Asia/Manila] PHP Warning:  Attempt to read property "transaction_id" on bool in C:\xampp\htdocs\QUEUE\module\cashier\list.php on line 116
[17-Mar-2025 09:21:30 Asia/Manila] PHP Warning:  Attempt to read property "queue_number" on bool in C:\xampp\htdocs\QUEUE\module\cashier\list.php on line 180
[17-Mar-2025 09:21:31 Asia/Manila] PHP Warning:  Attempt to read property "queue_number" on bool in C:\xampp\htdocs\QUEUE\module\monitor\list.php on line 37
[17-Mar-2025 09:21:31 Asia/Manila] PHP Warning:  Attempt to read property "counter_name" on bool in C:\xampp\htdocs\QUEUE\module\monitor\list.php on line 39
[17-Mar-2025 09:21:31 Asia/Manila] PHP Warning:  Attempt to read property "queue_number" on bool in C:\xampp\htdocs\QUEUE\module\monitor\list.php on line 99
[17-Mar-2025 09:21:36 Asia/Manila] PHP Warning:  Attempt to read property "queue_number" on bool in C:\xampp\htdocs\QUEUE\module\cashier\list.php on line 45
[17-Mar-2025 09:21:36 Asia/Manila] PHP Warning:  Attempt to read property "transaction_id" on bool in C:\xampp\htdocs\QUEUE\module\cashier\list.php on line 102
[17-Mar-2025 09:21:36 Asia/Manila] PHP Warning:  Attempt to read property "transaction_id" on bool in C:\xampp\htdocs\QUEUE\module\cashier\list.php on line 109
[17-Mar-2025 09:21:36 Asia/Manila] PHP Warning:  Attempt to read property "transaction_id" on bool in C:\xampp\htdocs\QUEUE\module\cashier\list.php on line 116
[17-Mar-2025 09:21:36 Asia/Manila] PHP Warning:  Attempt to read property "queue_number" on bool in C:\xampp\htdocs\QUEUE\module\cashier\list.php on line 180
[17-Mar-2025 09:21:37 Asia/Manila] PHP Warning:  Attempt to read property "queue_number" on bool in C:\xampp\htdocs\QUEUE\module\monitor\list.php on line 37
[17-Mar-2025 09:21:37 Asia/Manila] PHP Warning:  Attempt to read property "counter_name" on bool in C:\xampp\htdocs\QUEUE\module\monitor\list.php on line 39
[17-Mar-2025 09:21:37 Asia/Manila] PHP Warning:  Attempt to read property "queue_number" on bool in C:\xampp\htdocs\QUEUE\module\monitor\list.php on line 99
[17-Mar-2025 09:21:39 Asia/Manila] PHP Warning:  Attempt to read property "queue_number" on bool in C:\xampp\htdocs\QUEUE\module\kiosk\list.php on line 5
[17-Mar-2025 09:21:39 Asia/Manila] PHP Warning:  Attempt to read property "queue_number" on bool in C:\xampp\htdocs\QUEUE\module\kiosk\list.php on line 117
[17-Mar-2025 09:21:42 Asia/Manila] PHP Warning:  Attempt to read property "queue_number" on bool in C:\xampp\htdocs\QUEUE\module\cashier\list.php on line 45
[17-Mar-2025 09:21:42 Asia/Manila] PHP Warning:  Attempt to read property "transaction_id" on bool in C:\xampp\htdocs\QUEUE\module\cashier\list.php on line 102
[17-Mar-2025 09:21:42 Asia/Manila] PHP Warning:  Attempt to read property "transaction_id" on bool in C:\xampp\htdocs\QUEUE\module\cashier\list.php on line 109
[17-Mar-2025 09:21:42 Asia/Manila] PHP Warning:  Attempt to read property "transaction_id" on bool in C:\xampp\htdocs\QUEUE\module\cashier\list.php on line 116
[17-Mar-2025 09:21:42 Asia/Manila] PHP Warning:  Attempt to read property "queue_number" on bool in C:\xampp\htdocs\QUEUE\module\cashier\list.php on line 180
[17-Mar-2025 09:21:42 Asia/Manila] PHP Warning:  Attempt to read property "queue_number" on bool in C:\xampp\htdocs\QUEUE\module\cashier\list.php on line 45
[17-Mar-2025 09:21:42 Asia/Manila] PHP Warning:  Attempt to read property "transaction_id" on bool in C:\xampp\htdocs\QUEUE\module\cashier\list.php on line 102
[17-Mar-2025 09:21:42 Asia/Manila] PHP Warning:  Attempt to read property "transaction_id" on bool in C:\xampp\htdocs\QUEUE\module\cashier\list.php on line 109
[17-Mar-2025 09:21:42 Asia/Manila] PHP Warning:  Attempt to read property "transaction_id" on bool in C:\xampp\htdocs\QUEUE\module\cashier\list.php on line 116
[17-Mar-2025 09:21:42 Asia/Manila] PHP Warning:  Attempt to read property "queue_number" on bool in C:\xampp\htdocs\QUEUE\module\cashier\list.php on line 180
[17-Mar-2025 09:21:43 Asia/Manila] PHP Warning:  Attempt to read property "queue_number" on bool in C:\xampp\htdocs\QUEUE\module\monitor\list.php on line 37
[17-Mar-2025 09:21:43 Asia/Manila] PHP Warning:  Attempt to read property "counter_name" on bool in C:\xampp\htdocs\QUEUE\module\monitor\list.php on line 39
[17-Mar-2025 09:21:43 Asia/Manila] PHP Warning:  Attempt to read property "queue_number" on bool in C:\xampp\htdocs\QUEUE\module\monitor\list.php on line 99
[17-Mar-2025 09:21:48 Asia/Manila] PHP Warning:  Attempt to read property "queue_number" on bool in C:\xampp\htdocs\QUEUE\module\cashier\list.php on line 45
[17-Mar-2025 09:21:48 Asia/Manila] PHP Warning:  Attempt to read property "transaction_id" on bool in C:\xampp\htdocs\QUEUE\module\cashier\list.php on line 102
[17-Mar-2025 09:21:48 Asia/Manila] PHP Warning:  Attempt to read property "transaction_id" on bool in C:\xampp\htdocs\QUEUE\module\cashier\list.php on line 109
[17-Mar-2025 09:21:48 Asia/Manila] PHP Warning:  Attempt to read property "transaction_id" on bool in C:\xampp\htdocs\QUEUE\module\cashier\list.php on line 116
[17-Mar-2025 09:21:48 Asia/Manila] PHP Warning:  Attempt to read property "queue_number" on bool in C:\xampp\htdocs\QUEUE\module\cashier\list.php on line 180
[17-Mar-2025 09:21:49 Asia/Manila] PHP Warning:  Attempt to read property "queue_number" on bool in C:\xampp\htdocs\QUEUE\module\cashier\list.php on line 45
[17-Mar-2025 09:21:49 Asia/Manila] PHP Warning:  Attempt to read property "transaction_id" on bool in C:\xampp\htdocs\QUEUE\module\cashier\list.php on line 102
[17-Mar-2025 09:21:49 Asia/Manila] PHP Warning:  Attempt to read property "transaction_id" on bool in C:\xampp\htdocs\QUEUE\module\cashier\list.php on line 109
[17-Mar-2025 09:21:49 Asia/Manila] PHP Warning:  Attempt to read property "transaction_id" on bool in C:\xampp\htdocs\QUEUE\module\cashier\list.php on line 116
[17-Mar-2025 09:21:49 Asia/Manila] PHP Warning:  Attempt to read property "queue_number" on bool in C:\xampp\htdocs\QUEUE\module\cashier\list.php on line 180
[17-Mar-2025 09:21:49 Asia/Manila] PHP Warning:  Attempt to read property "queue_number" on bool in C:\xampp\htdocs\QUEUE\module\monitor\list.php on line 37
[17-Mar-2025 09:21:49 Asia/Manila] PHP Warning:  Attempt to read property "counter_name" on bool in C:\xampp\htdocs\QUEUE\module\monitor\list.php on line 39
[17-Mar-2025 09:21:49 Asia/Manila] PHP Warning:  Attempt to read property "queue_number" on bool in C:\xampp\htdocs\QUEUE\module\monitor\list.php on line 99
[17-Mar-2025 09:21:53 Asia/Manila] PHP Warning:  Attempt to read property "queue_number" on bool in C:\xampp\htdocs\QUEUE\module\cashier\list.php on line 45
[17-Mar-2025 09:21:53 Asia/Manila] PHP Warning:  Attempt to read property "transaction_id" on bool in C:\xampp\htdocs\QUEUE\module\cashier\list.php on line 102
[17-Mar-2025 09:21:53 Asia/Manila] PHP Warning:  Attempt to read property "transaction_id" on bool in C:\xampp\htdocs\QUEUE\module\cashier\list.php on line 109
[17-Mar-2025 09:21:53 Asia/Manila] PHP Warning:  Attempt to read property "transaction_id" on bool in C:\xampp\htdocs\QUEUE\module\cashier\list.php on line 116
[17-Mar-2025 09:21:53 Asia/Manila] PHP Warning:  Attempt to read property "queue_number" on bool in C:\xampp\htdocs\QUEUE\module\cashier\list.php on line 180
[17-Mar-2025 09:21:54 Asia/Manila] PHP Warning:  Attempt to read property "queue_number" on bool in C:\xampp\htdocs\QUEUE\module\cashier\list.php on line 45
[17-Mar-2025 09:21:54 Asia/Manila] PHP Warning:  Attempt to read property "transaction_id" on bool in C:\xampp\htdocs\QUEUE\module\cashier\list.php on line 102
[17-Mar-2025 09:21:54 Asia/Manila] PHP Warning:  Attempt to read property "transaction_id" on bool in C:\xampp\htdocs\QUEUE\module\cashier\list.php on line 109
[17-Mar-2025 09:21:54 Asia/Manila] PHP Warning:  Attempt to read property "transaction_id" on bool in C:\xampp\htdocs\QUEUE\module\cashier\list.php on line 116
[17-Mar-2025 09:21:54 Asia/Manila] PHP Warning:  Attempt to read property "queue_number" on bool in C:\xampp\htdocs\QUEUE\module\cashier\list.php on line 180
[17-Mar-2025 09:21:55 Asia/Manila] PHP Warning:  Attempt to read property "queue_number" on bool in C:\xampp\htdocs\QUEUE\module\monitor\list.php on line 37
[17-Mar-2025 09:21:55 Asia/Manila] PHP Warning:  Attempt to read property "counter_name" on bool in C:\xampp\htdocs\QUEUE\module\monitor\list.php on line 39
[17-Mar-2025 09:21:55 Asia/Manila] PHP Warning:  Attempt to read property "queue_number" on bool in C:\xampp\htdocs\QUEUE\module\monitor\list.php on line 99
[17-Mar-2025 09:21:58 Asia/Manila] PHP Warning:  Attempt to read property "queue_number" on bool in C:\xampp\htdocs\QUEUE\module\cashier\list.php on line 45
[17-Mar-2025 09:21:58 Asia/Manila] PHP Warning:  Attempt to read property "transaction_id" on bool in C:\xampp\htdocs\QUEUE\module\cashier\list.php on line 102
[17-Mar-2025 09:21:58 Asia/Manila] PHP Warning:  Attempt to read property "transaction_id" on bool in C:\xampp\htdocs\QUEUE\module\cashier\list.php on line 109
[17-Mar-2025 09:21:58 Asia/Manila] PHP Warning:  Attempt to read property "transaction_id" on bool in C:\xampp\htdocs\QUEUE\module\cashier\list.php on line 116
[17-Mar-2025 09:21:58 Asia/Manila] PHP Warning:  Attempt to read property "queue_number" on bool in C:\xampp\htdocs\QUEUE\module\cashier\list.php on line 180
[17-Mar-2025 09:22:00 Asia/Manila] PHP Warning:  Attempt to read property "queue_number" on bool in C:\xampp\htdocs\QUEUE\module\cashier\list.php on line 45
[17-Mar-2025 09:22:00 Asia/Manila] PHP Warning:  Attempt to read property "transaction_id" on bool in C:\xampp\htdocs\QUEUE\module\cashier\list.php on line 102
[17-Mar-2025 09:22:00 Asia/Manila] PHP Warning:  Attempt to read property "transaction_id" on bool in C:\xampp\htdocs\QUEUE\module\cashier\list.php on line 109
[17-Mar-2025 09:22:00 Asia/Manila] PHP Warning:  Attempt to read property "transaction_id" on bool in C:\xampp\htdocs\QUEUE\module\cashier\list.php on line 116
[17-Mar-2025 09:22:00 Asia/Manila] PHP Warning:  Attempt to read property "queue_number" on bool in C:\xampp\htdocs\QUEUE\module\cashier\list.php on line 180
[17-Mar-2025 09:22:01 Asia/Manila] PHP Warning:  Attempt to read property "queue_number" on bool in C:\xampp\htdocs\QUEUE\module\kiosk\list.php on line 5
[17-Mar-2025 09:22:01 Asia/Manila] PHP Warning:  Attempt to read property "queue_number" on bool in C:\xampp\htdocs\QUEUE\module\kiosk\list.php on line 117
[17-Mar-2025 09:22:01 Asia/Manila] PHP Warning:  Attempt to read property "queue_number" on bool in C:\xampp\htdocs\QUEUE\module\monitor\list.php on line 37
[17-Mar-2025 09:22:01 Asia/Manila] PHP Warning:  Attempt to read property "counter_name" on bool in C:\xampp\htdocs\QUEUE\module\monitor\list.php on line 39
[17-Mar-2025 09:22:01 Asia/Manila] PHP Warning:  Attempt to read property "queue_number" on bool in C:\xampp\htdocs\QUEUE\module\monitor\list.php on line 99
[17-Mar-2025 09:22:03 Asia/Manila] PHP Warning:  Attempt to read property "queue_number" on bool in C:\xampp\htdocs\QUEUE\module\cashier\list.php on line 45
[17-Mar-2025 09:22:03 Asia/Manila] PHP Warning:  Attempt to read property "transaction_id" on bool in C:\xampp\htdocs\QUEUE\module\cashier\list.php on line 102
[17-Mar-2025 09:22:03 Asia/Manila] PHP Warning:  Attempt to read property "transaction_id" on bool in C:\xampp\htdocs\QUEUE\module\cashier\list.php on line 109
[17-Mar-2025 09:22:03 Asia/Manila] PHP Warning:  Attempt to read property "transaction_id" on bool in C:\xampp\htdocs\QUEUE\module\cashier\list.php on line 116
[17-Mar-2025 09:22:03 Asia/Manila] PHP Warning:  Attempt to read property "queue_number" on bool in C:\xampp\htdocs\QUEUE\module\cashier\list.php on line 180
[17-Mar-2025 09:22:06 Asia/Manila] PHP Warning:  Attempt to read property "queue_number" on bool in C:\xampp\htdocs\QUEUE\module\cashier\list.php on line 45
[17-Mar-2025 09:22:06 Asia/Manila] PHP Warning:  Attempt to read property "transaction_id" on bool in C:\xampp\htdocs\QUEUE\module\cashier\list.php on line 102
[17-Mar-2025 09:22:06 Asia/Manila] PHP Warning:  Attempt to read property "transaction_id" on bool in C:\xampp\htdocs\QUEUE\module\cashier\list.php on line 109
[17-Mar-2025 09:22:06 Asia/Manila] PHP Warning:  Attempt to read property "transaction_id" on bool in C:\xampp\htdocs\QUEUE\module\cashier\list.php on line 116
[17-Mar-2025 09:22:06 Asia/Manila] PHP Warning:  Attempt to read property "queue_number" on bool in C:\xampp\htdocs\QUEUE\module\cashier\list.php on line 180
[17-Mar-2025 09:22:06 Asia/Manila] PHP Warning:  Attempt to read property "queue_number" on bool in C:\xampp\htdocs\QUEUE\module\monitor\list.php on line 37
[17-Mar-2025 09:22:06 Asia/Manila] PHP Warning:  Attempt to read property "counter_name" on bool in C:\xampp\htdocs\QUEUE\module\monitor\list.php on line 39
[17-Mar-2025 09:22:06 Asia/Manila] PHP Warning:  Attempt to read property "queue_number" on bool in C:\xampp\htdocs\QUEUE\module\monitor\list.php on line 99
[17-Mar-2025 09:22:09 Asia/Manila] PHP Warning:  Attempt to read property "queue_number" on bool in C:\xampp\htdocs\QUEUE\module\cashier\list.php on line 45
[17-Mar-2025 09:22:09 Asia/Manila] PHP Warning:  Attempt to read property "transaction_id" on bool in C:\xampp\htdocs\QUEUE\module\cashier\list.php on line 102
[17-Mar-2025 09:22:09 Asia/Manila] PHP Warning:  Attempt to read property "transaction_id" on bool in C:\xampp\htdocs\QUEUE\module\cashier\list.php on line 109
[17-Mar-2025 09:22:09 Asia/Manila] PHP Warning:  Attempt to read property "transaction_id" on bool in C:\xampp\htdocs\QUEUE\module\cashier\list.php on line 116
[17-Mar-2025 09:22:09 Asia/Manila] PHP Warning:  Attempt to read property "queue_number" on bool in C:\xampp\htdocs\QUEUE\module\cashier\list.php on line 180
[17-Mar-2025 09:22:11 Asia/Manila] PHP Warning:  Attempt to read property "queue_number" on bool in C:\xampp\htdocs\QUEUE\module\cashier\list.php on line 45
[17-Mar-2025 09:22:11 Asia/Manila] PHP Warning:  Attempt to read property "transaction_id" on bool in C:\xampp\htdocs\QUEUE\module\cashier\list.php on line 102
[17-Mar-2025 09:22:11 Asia/Manila] PHP Warning:  Attempt to read property "transaction_id" on bool in C:\xampp\htdocs\QUEUE\module\cashier\list.php on line 109
[17-Mar-2025 09:22:11 Asia/Manila] PHP Warning:  Attempt to read property "transaction_id" on bool in C:\xampp\htdocs\QUEUE\module\cashier\list.php on line 116
[17-Mar-2025 09:22:11 Asia/Manila] PHP Warning:  Attempt to read property "queue_number" on bool in C:\xampp\htdocs\QUEUE\module\cashier\list.php on line 180
[17-Mar-2025 09:22:12 Asia/Manila] PHP Warning:  Attempt to read property "queue_number" on bool in C:\xampp\htdocs\QUEUE\module\monitor\list.php on line 37
[17-Mar-2025 09:22:12 Asia/Manila] PHP Warning:  Attempt to read property "counter_name" on bool in C:\xampp\htdocs\QUEUE\module\monitor\list.php on line 39
[17-Mar-2025 09:22:12 Asia/Manila] PHP Warning:  Attempt to read property "queue_number" on bool in C:\xampp\htdocs\QUEUE\module\monitor\list.php on line 99
[17-Mar-2025 09:22:15 Asia/Manila] PHP Warning:  Attempt to read property "queue_number" on bool in C:\xampp\htdocs\QUEUE\module\cashier\list.php on line 45
[17-Mar-2025 09:22:15 Asia/Manila] PHP Warning:  Attempt to read property "transaction_id" on bool in C:\xampp\htdocs\QUEUE\module\cashier\list.php on line 102
[17-Mar-2025 09:22:15 Asia/Manila] PHP Warning:  Attempt to read property "transaction_id" on bool in C:\xampp\htdocs\QUEUE\module\cashier\list.php on line 109
[17-Mar-2025 09:22:15 Asia/Manila] PHP Warning:  Attempt to read property "transaction_id" on bool in C:\xampp\htdocs\QUEUE\module\cashier\list.php on line 116
[17-Mar-2025 09:22:15 Asia/Manila] PHP Warning:  Attempt to read property "queue_number" on bool in C:\xampp\htdocs\QUEUE\module\cashier\list.php on line 180
[17-Mar-2025 09:22:15 Asia/Manila] PHP Warning:  Attempt to read property "queue_number" on bool in C:\xampp\htdocs\QUEUE\module\cashier\list.php on line 45
[17-Mar-2025 09:22:15 Asia/Manila] PHP Warning:  Attempt to read property "transaction_id" on bool in C:\xampp\htdocs\QUEUE\module\cashier\list.php on line 102
[17-Mar-2025 09:22:15 Asia/Manila] PHP Warning:  Attempt to read property "transaction_id" on bool in C:\xampp\htdocs\QUEUE\module\cashier\list.php on line 109
[17-Mar-2025 09:22:15 Asia/Manila] PHP Warning:  Attempt to read property "transaction_id" on bool in C:\xampp\htdocs\QUEUE\module\cashier\list.php on line 116
[17-Mar-2025 09:22:15 Asia/Manila] PHP Warning:  Attempt to read property "queue_number" on bool in C:\xampp\htdocs\QUEUE\module\cashier\list.php on line 180
[17-Mar-2025 09:22:18 Asia/Manila] PHP Warning:  Attempt to read property "queue_number" on bool in C:\xampp\htdocs\QUEUE\module\monitor\list.php on line 37
[17-Mar-2025 09:22:18 Asia/Manila] PHP Warning:  Attempt to read property "counter_name" on bool in C:\xampp\htdocs\QUEUE\module\monitor\list.php on line 39
[17-Mar-2025 09:22:19 Asia/Manila] PHP Warning:  Attempt to read property "queue_number" on bool in C:\xampp\htdocs\QUEUE\module\monitor\list.php on line 99
[17-Mar-2025 09:22:20 Asia/Manila] PHP Warning:  Attempt to read property "queue_number" on bool in C:\xampp\htdocs\QUEUE\module\cashier\list.php on line 45
[17-Mar-2025 09:22:20 Asia/Manila] PHP Warning:  Attempt to read property "transaction_id" on bool in C:\xampp\htdocs\QUEUE\module\cashier\list.php on line 102
[17-Mar-2025 09:22:20 Asia/Manila] PHP Warning:  Attempt to read property "transaction_id" on bool in C:\xampp\htdocs\QUEUE\module\cashier\list.php on line 109
[17-Mar-2025 09:22:20 Asia/Manila] PHP Warning:  Attempt to read property "transaction_id" on bool in C:\xampp\htdocs\QUEUE\module\cashier\list.php on line 116
[17-Mar-2025 09:22:20 Asia/Manila] PHP Warning:  Attempt to read property "queue_number" on bool in C:\xampp\htdocs\QUEUE\module\cashier\list.php on line 180
[17-Mar-2025 09:22:21 Asia/Manila] PHP Warning:  Attempt to read property "queue_number" on bool in C:\xampp\htdocs\QUEUE\module\kiosk\list.php on line 5
[17-Mar-2025 09:22:21 Asia/Manila] PHP Warning:  Attempt to read property "queue_number" on bool in C:\xampp\htdocs\QUEUE\module\kiosk\list.php on line 117
[17-Mar-2025 09:22:22 Asia/Manila] PHP Warning:  Attempt to read property "queue_number" on bool in C:\xampp\htdocs\QUEUE\module\cashier\list.php on line 45
[17-Mar-2025 09:22:22 Asia/Manila] PHP Warning:  Attempt to read property "transaction_id" on bool in C:\xampp\htdocs\QUEUE\module\cashier\list.php on line 102
[17-Mar-2025 09:22:22 Asia/Manila] PHP Warning:  Attempt to read property "transaction_id" on bool in C:\xampp\htdocs\QUEUE\module\cashier\list.php on line 109
[17-Mar-2025 09:22:22 Asia/Manila] PHP Warning:  Attempt to read property "transaction_id" on bool in C:\xampp\htdocs\QUEUE\module\cashier\list.php on line 116
[17-Mar-2025 09:22:22 Asia/Manila] PHP Warning:  Attempt to read property "queue_number" on bool in C:\xampp\htdocs\QUEUE\module\cashier\list.php on line 180
[17-Mar-2025 09:22:24 Asia/Manila] PHP Warning:  Attempt to read property "queue_number" on bool in C:\xampp\htdocs\QUEUE\module\monitor\list.php on line 37
[17-Mar-2025 09:22:24 Asia/Manila] PHP Warning:  Attempt to read property "counter_name" on bool in C:\xampp\htdocs\QUEUE\module\monitor\list.php on line 39
[17-Mar-2025 09:22:24 Asia/Manila] PHP Warning:  Attempt to read property "queue_number" on bool in C:\xampp\htdocs\QUEUE\module\monitor\list.php on line 99
[17-Mar-2025 09:22:27 Asia/Manila] PHP Warning:  Attempt to read property "queue_number" on bool in C:\xampp\htdocs\QUEUE\module\cashier\list.php on line 45
[17-Mar-2025 09:22:27 Asia/Manila] PHP Warning:  Attempt to read property "transaction_id" on bool in C:\xampp\htdocs\QUEUE\module\cashier\list.php on line 102
[17-Mar-2025 09:22:27 Asia/Manila] PHP Warning:  Attempt to read property "transaction_id" on bool in C:\xampp\htdocs\QUEUE\module\cashier\list.php on line 109
[17-Mar-2025 09:22:27 Asia/Manila] PHP Warning:  Attempt to read property "transaction_id" on bool in C:\xampp\htdocs\QUEUE\module\cashier\list.php on line 116
[17-Mar-2025 09:22:27 Asia/Manila] PHP Warning:  Attempt to read property "queue_number" on bool in C:\xampp\htdocs\QUEUE\module\cashier\list.php on line 180
[17-Mar-2025 09:22:27 Asia/Manila] PHP Warning:  Attempt to read property "queue_number" on bool in C:\xampp\htdocs\QUEUE\module\cashier\list.php on line 45
[17-Mar-2025 09:22:27 Asia/Manila] PHP Warning:  Attempt to read property "transaction_id" on bool in C:\xampp\htdocs\QUEUE\module\cashier\list.php on line 102
[17-Mar-2025 09:22:27 Asia/Manila] PHP Warning:  Attempt to read property "transaction_id" on bool in C:\xampp\htdocs\QUEUE\module\cashier\list.php on line 109
[17-Mar-2025 09:22:27 Asia/Manila] PHP Warning:  Attempt to read property "transaction_id" on bool in C:\xampp\htdocs\QUEUE\module\cashier\list.php on line 116
[17-Mar-2025 09:22:27 Asia/Manila] PHP Warning:  Attempt to read property "queue_number" on bool in C:\xampp\htdocs\QUEUE\module\cashier\list.php on line 180
[17-Mar-2025 09:22:30 Asia/Manila] PHP Warning:  Attempt to read property "queue_number" on bool in C:\xampp\htdocs\QUEUE\module\monitor\list.php on line 37
[17-Mar-2025 09:22:30 Asia/Manila] PHP Warning:  Attempt to read property "counter_name" on bool in C:\xampp\htdocs\QUEUE\module\monitor\list.php on line 39
[17-Mar-2025 09:22:30 Asia/Manila] PHP Warning:  Attempt to read property "queue_number" on bool in C:\xampp\htdocs\QUEUE\module\monitor\list.php on line 99
[17-Mar-2025 09:22:33 Asia/Manila] PHP Warning:  Attempt to read property "queue_number" on bool in C:\xampp\htdocs\QUEUE\module\cashier\list.php on line 45
[17-Mar-2025 09:22:33 Asia/Manila] PHP Warning:  Attempt to read property "transaction_id" on bool in C:\xampp\htdocs\QUEUE\module\cashier\list.php on line 102
[17-Mar-2025 09:22:33 Asia/Manila] PHP Warning:  Attempt to read property "transaction_id" on bool in C:\xampp\htdocs\QUEUE\module\cashier\list.php on line 109
[17-Mar-2025 09:22:33 Asia/Manila] PHP Warning:  Attempt to read property "transaction_id" on bool in C:\xampp\htdocs\QUEUE\module\cashier\list.php on line 116
[17-Mar-2025 09:22:33 Asia/Manila] PHP Warning:  Attempt to read property "queue_number" on bool in C:\xampp\htdocs\QUEUE\module\cashier\list.php on line 180
[17-Mar-2025 09:22:34 Asia/Manila] PHP Warning:  Attempt to read property "queue_number" on bool in C:\xampp\htdocs\QUEUE\module\cashier\list.php on line 45
[17-Mar-2025 09:22:34 Asia/Manila] PHP Warning:  Attempt to read property "transaction_id" on bool in C:\xampp\htdocs\QUEUE\module\cashier\list.php on line 102
[17-Mar-2025 09:22:34 Asia/Manila] PHP Warning:  Attempt to read property "transaction_id" on bool in C:\xampp\htdocs\QUEUE\module\cashier\list.php on line 109
[17-Mar-2025 09:22:34 Asia/Manila] PHP Warning:  Attempt to read property "transaction_id" on bool in C:\xampp\htdocs\QUEUE\module\cashier\list.php on line 116
[17-Mar-2025 09:22:34 Asia/Manila] PHP Warning:  Attempt to read property "queue_number" on bool in C:\xampp\htdocs\QUEUE\module\cashier\list.php on line 180
[17-Mar-2025 09:22:36 Asia/Manila] PHP Warning:  Attempt to read property "queue_number" on bool in C:\xampp\htdocs\QUEUE\module\monitor\list.php on line 37
[17-Mar-2025 09:22:36 Asia/Manila] PHP Warning:  Attempt to read property "counter_name" on bool in C:\xampp\htdocs\QUEUE\module\monitor\list.php on line 39
[17-Mar-2025 09:22:36 Asia/Manila] PHP Warning:  Attempt to read property "queue_number" on bool in C:\xampp\htdocs\QUEUE\module\monitor\list.php on line 99
[17-Mar-2025 09:22:38 Asia/Manila] PHP Warning:  Attempt to read property "queue_number" on bool in C:\xampp\htdocs\QUEUE\module\cashier\list.php on line 45
[17-Mar-2025 09:22:38 Asia/Manila] PHP Warning:  Attempt to read property "transaction_id" on bool in C:\xampp\htdocs\QUEUE\module\cashier\list.php on line 102
[17-Mar-2025 09:22:38 Asia/Manila] PHP Warning:  Attempt to read property "transaction_id" on bool in C:\xampp\htdocs\QUEUE\module\cashier\list.php on line 109
[17-Mar-2025 09:22:38 Asia/Manila] PHP Warning:  Attempt to read property "transaction_id" on bool in C:\xampp\htdocs\QUEUE\module\cashier\list.php on line 116
[17-Mar-2025 09:22:38 Asia/Manila] PHP Warning:  Attempt to read property "queue_number" on bool in C:\xampp\htdocs\QUEUE\module\cashier\list.php on line 180
[17-Mar-2025 09:22:40 Asia/Manila] PHP Warning:  Attempt to read property "queue_number" on bool in C:\xampp\htdocs\QUEUE\module\cashier\list.php on line 45
[17-Mar-2025 09:22:40 Asia/Manila] PHP Warning:  Attempt to read property "transaction_id" on bool in C:\xampp\htdocs\QUEUE\module\cashier\list.php on line 102
[17-Mar-2025 09:22:40 Asia/Manila] PHP Warning:  Attempt to read property "transaction_id" on bool in C:\xampp\htdocs\QUEUE\module\cashier\list.php on line 109
[17-Mar-2025 09:22:40 Asia/Manila] PHP Warning:  Attempt to read property "transaction_id" on bool in C:\xampp\htdocs\QUEUE\module\cashier\list.php on line 116
[17-Mar-2025 09:22:40 Asia/Manila] PHP Warning:  Attempt to read property "queue_number" on bool in C:\xampp\htdocs\QUEUE\module\cashier\list.php on line 180
[17-Mar-2025 09:22:42 Asia/Manila] PHP Warning:  Attempt to read property "queue_number" on bool in C:\xampp\htdocs\QUEUE\module\kiosk\list.php on line 5
[17-Mar-2025 09:22:42 Asia/Manila] PHP Warning:  Attempt to read property "queue_number" on bool in C:\xampp\htdocs\QUEUE\module\kiosk\list.php on line 117
[17-Mar-2025 09:22:43 Asia/Manila] PHP Warning:  Attempt to read property "queue_number" on bool in C:\xampp\htdocs\QUEUE\module\monitor\list.php on line 37
[17-Mar-2025 09:22:43 Asia/Manila] PHP Warning:  Attempt to read property "counter_name" on bool in C:\xampp\htdocs\QUEUE\module\monitor\list.php on line 39
[17-Mar-2025 09:22:43 Asia/Manila] PHP Warning:  Attempt to read property "queue_number" on bool in C:\xampp\htdocs\QUEUE\module\monitor\list.php on line 99
[17-Mar-2025 09:22:45 Asia/Manila] PHP Warning:  Attempt to read property "queue_number" on bool in C:\xampp\htdocs\QUEUE\module\cashier\list.php on line 45
[17-Mar-2025 09:22:45 Asia/Manila] PHP Warning:  Attempt to read property "transaction_id" on bool in C:\xampp\htdocs\QUEUE\module\cashier\list.php on line 102
[17-Mar-2025 09:22:45 Asia/Manila] PHP Warning:  Attempt to read property "transaction_id" on bool in C:\xampp\htdocs\QUEUE\module\cashier\list.php on line 109
[17-Mar-2025 09:22:45 Asia/Manila] PHP Warning:  Attempt to read property "transaction_id" on bool in C:\xampp\htdocs\QUEUE\module\cashier\list.php on line 116
[17-Mar-2025 09:22:45 Asia/Manila] PHP Warning:  Attempt to read property "queue_number" on bool in C:\xampp\htdocs\QUEUE\module\cashier\list.php on line 180
[17-Mar-2025 09:22:45 Asia/Manila] PHP Warning:  Attempt to read property "queue_number" on bool in C:\xampp\htdocs\QUEUE\module\cashier\list.php on line 45
[17-Mar-2025 09:22:45 Asia/Manila] PHP Warning:  Attempt to read property "transaction_id" on bool in C:\xampp\htdocs\QUEUE\module\cashier\list.php on line 102
[17-Mar-2025 09:22:45 Asia/Manila] PHP Warning:  Attempt to read property "transaction_id" on bool in C:\xampp\htdocs\QUEUE\module\cashier\list.php on line 109
[17-Mar-2025 09:22:45 Asia/Manila] PHP Warning:  Attempt to read property "transaction_id" on bool in C:\xampp\htdocs\QUEUE\module\cashier\list.php on line 116
[17-Mar-2025 09:22:45 Asia/Manila] PHP Warning:  Attempt to read property "queue_number" on bool in C:\xampp\htdocs\QUEUE\module\cashier\list.php on line 180
[17-Mar-2025 09:22:48 Asia/Manila] PHP Warning:  Attempt to read property "queue_number" on bool in C:\xampp\htdocs\QUEUE\module\monitor\list.php on line 37
[17-Mar-2025 09:22:48 Asia/Manila] PHP Warning:  Attempt to read property "counter_name" on bool in C:\xampp\htdocs\QUEUE\module\monitor\list.php on line 39
[17-Mar-2025 09:22:48 Asia/Manila] PHP Warning:  Attempt to read property "queue_number" on bool in C:\xampp\htdocs\QUEUE\module\monitor\list.php on line 99
[17-Mar-2025 09:22:50 Asia/Manila] PHP Warning:  Attempt to read property "queue_number" on bool in C:\xampp\htdocs\QUEUE\module\cashier\list.php on line 45
[17-Mar-2025 09:22:50 Asia/Manila] PHP Warning:  Attempt to read property "transaction_id" on bool in C:\xampp\htdocs\QUEUE\module\cashier\list.php on line 102
[17-Mar-2025 09:22:50 Asia/Manila] PHP Warning:  Attempt to read property "transaction_id" on bool in C:\xampp\htdocs\QUEUE\module\cashier\list.php on line 109
[17-Mar-2025 09:22:50 Asia/Manila] PHP Warning:  Attempt to read property "transaction_id" on bool in C:\xampp\htdocs\QUEUE\module\cashier\list.php on line 116
[17-Mar-2025 09:22:50 Asia/Manila] PHP Warning:  Attempt to read property "queue_number" on bool in C:\xampp\htdocs\QUEUE\module\cashier\list.php on line 180
[17-Mar-2025 09:22:52 Asia/Manila] PHP Warning:  Attempt to read property "queue_number" on bool in C:\xampp\htdocs\QUEUE\module\cashier\list.php on line 45
[17-Mar-2025 09:22:52 Asia/Manila] PHP Warning:  Attempt to read property "transaction_id" on bool in C:\xampp\htdocs\QUEUE\module\cashier\list.php on line 102
[17-Mar-2025 09:22:52 Asia/Manila] PHP Warning:  Attempt to read property "transaction_id" on bool in C:\xampp\htdocs\QUEUE\module\cashier\list.php on line 109
[17-Mar-2025 09:22:52 Asia/Manila] PHP Warning:  Attempt to read property "transaction_id" on bool in C:\xampp\htdocs\QUEUE\module\cashier\list.php on line 116
[17-Mar-2025 09:22:52 Asia/Manila] PHP Warning:  Attempt to read property "queue_number" on bool in C:\xampp\htdocs\QUEUE\module\cashier\list.php on line 180
[17-Mar-2025 09:22:53 Asia/Manila] PHP Warning:  Attempt to read property "queue_number" on bool in C:\xampp\htdocs\QUEUE\module\kiosk\list.php on line 5
[17-Mar-2025 09:22:53 Asia/Manila] PHP Warning:  Attempt to read property "queue_number" on bool in C:\xampp\htdocs\QUEUE\module\kiosk\list.php on line 117
[17-Mar-2025 09:22:54 Asia/Manila] PHP Warning:  Attempt to read property "queue_number" on bool in C:\xampp\htdocs\QUEUE\module\monitor\list.php on line 37
[17-Mar-2025 09:22:54 Asia/Manila] PHP Warning:  Attempt to read property "counter_name" on bool in C:\xampp\htdocs\QUEUE\module\monitor\list.php on line 39
[17-Mar-2025 09:22:54 Asia/Manila] PHP Warning:  Attempt to read property "queue_number" on bool in C:\xampp\htdocs\QUEUE\module\monitor\list.php on line 99
[17-Mar-2025 09:22:56 Asia/Manila] PHP Warning:  Attempt to read property "queue_number" on bool in C:\xampp\htdocs\QUEUE\module\cashier\list.php on line 45
[17-Mar-2025 09:22:56 Asia/Manila] PHP Warning:  Attempt to read property "transaction_id" on bool in C:\xampp\htdocs\QUEUE\module\cashier\list.php on line 102
[17-Mar-2025 09:22:56 Asia/Manila] PHP Warning:  Attempt to read property "transaction_id" on bool in C:\xampp\htdocs\QUEUE\module\cashier\list.php on line 109
[17-Mar-2025 09:22:56 Asia/Manila] PHP Warning:  Attempt to read property "transaction_id" on bool in C:\xampp\htdocs\QUEUE\module\cashier\list.php on line 116
[17-Mar-2025 09:22:56 Asia/Manila] PHP Warning:  Attempt to read property "queue_number" on bool in C:\xampp\htdocs\QUEUE\module\cashier\list.php on line 180
[17-Mar-2025 09:22:57 Asia/Manila] PHP Warning:  Attempt to read property "queue_number" on bool in C:\xampp\htdocs\QUEUE\module\kiosk\list.php on line 5
[17-Mar-2025 09:22:57 Asia/Manila] PHP Warning:  Attempt to read property "queue_number" on bool in C:\xampp\htdocs\QUEUE\module\kiosk\list.php on line 117
[17-Mar-2025 09:22:58 Asia/Manila] PHP Warning:  Attempt to read property "queue_number" on bool in C:\xampp\htdocs\QUEUE\module\cashier\list.php on line 45
[17-Mar-2025 09:22:58 Asia/Manila] PHP Warning:  Attempt to read property "transaction_id" on bool in C:\xampp\htdocs\QUEUE\module\cashier\list.php on line 102
[17-Mar-2025 09:22:58 Asia/Manila] PHP Warning:  Attempt to read property "transaction_id" on bool in C:\xampp\htdocs\QUEUE\module\cashier\list.php on line 109
[17-Mar-2025 09:22:58 Asia/Manila] PHP Warning:  Attempt to read property "transaction_id" on bool in C:\xampp\htdocs\QUEUE\module\cashier\list.php on line 116
[17-Mar-2025 09:22:58 Asia/Manila] PHP Warning:  Attempt to read property "queue_number" on bool in C:\xampp\htdocs\QUEUE\module\cashier\list.php on line 180
[17-Mar-2025 09:23:00 Asia/Manila] PHP Warning:  Attempt to read property "queue_number" on bool in C:\xampp\htdocs\QUEUE\module\monitor\list.php on line 37
[17-Mar-2025 09:23:00 Asia/Manila] PHP Warning:  Attempt to read property "counter_name" on bool in C:\xampp\htdocs\QUEUE\module\monitor\list.php on line 39
[17-Mar-2025 09:23:00 Asia/Manila] PHP Warning:  Attempt to read property "queue_number" on bool in C:\xampp\htdocs\QUEUE\module\monitor\list.php on line 99
[17-Mar-2025 09:23:02 Asia/Manila] PHP Warning:  Attempt to read property "queue_number" on bool in C:\xampp\htdocs\QUEUE\module\cashier\list.php on line 45
[17-Mar-2025 09:23:02 Asia/Manila] PHP Warning:  Attempt to read property "transaction_id" on bool in C:\xampp\htdocs\QUEUE\module\cashier\list.php on line 102
[17-Mar-2025 09:23:02 Asia/Manila] PHP Warning:  Attempt to read property "transaction_id" on bool in C:\xampp\htdocs\QUEUE\module\cashier\list.php on line 109
[17-Mar-2025 09:23:02 Asia/Manila] PHP Warning:  Attempt to read property "transaction_id" on bool in C:\xampp\htdocs\QUEUE\module\cashier\list.php on line 116
[17-Mar-2025 09:23:02 Asia/Manila] PHP Warning:  Attempt to read property "queue_number" on bool in C:\xampp\htdocs\QUEUE\module\cashier\list.php on line 180
[17-Mar-2025 09:23:04 Asia/Manila] PHP Warning:  Attempt to read property "queue_number" on bool in C:\xampp\htdocs\QUEUE\module\cashier\list.php on line 45
[17-Mar-2025 09:23:04 Asia/Manila] PHP Warning:  Attempt to read property "transaction_id" on bool in C:\xampp\htdocs\QUEUE\module\cashier\list.php on line 102
[17-Mar-2025 09:23:04 Asia/Manila] PHP Warning:  Attempt to read property "transaction_id" on bool in C:\xampp\htdocs\QUEUE\module\cashier\list.php on line 109
[17-Mar-2025 09:23:04 Asia/Manila] PHP Warning:  Attempt to read property "transaction_id" on bool in C:\xampp\htdocs\QUEUE\module\cashier\list.php on line 116
[17-Mar-2025 09:23:04 Asia/Manila] PHP Warning:  Attempt to read property "queue_number" on bool in C:\xampp\htdocs\QUEUE\module\cashier\list.php on line 180
[17-Mar-2025 09:23:06 Asia/Manila] PHP Warning:  Attempt to read property "queue_number" on bool in C:\xampp\htdocs\QUEUE\module\monitor\list.php on line 37
[17-Mar-2025 09:23:06 Asia/Manila] PHP Warning:  Attempt to read property "counter_name" on bool in C:\xampp\htdocs\QUEUE\module\monitor\list.php on line 39
[17-Mar-2025 09:23:06 Asia/Manila] PHP Warning:  Attempt to read property "queue_number" on bool in C:\xampp\htdocs\QUEUE\module\monitor\list.php on line 99
[17-Mar-2025 09:23:07 Asia/Manila] PHP Warning:  Undefined array key "priority_check" in C:\xampp\htdocs\QUEUE\module\kiosk\controller.php on line 17
[17-Mar-2025 09:23:07 Asia/Manila] PHP Warning:  Undefined variable $AY in C:\xampp\htdocs\QUEUE\include\functions.php on line 129
[17-Mar-2025 09:23:07 Asia/Manila] PHP Warning:  Undefined variable $SEMESTER in C:\xampp\htdocs\QUEUE\include\functions.php on line 130
[17-Mar-2025 09:23:07 Asia/Manila] PHP Warning:  Undefined variable $ip in C:\xampp\htdocs\QUEUE\include\functions.php on line 131
[17-Mar-2025 09:23:08 Asia/Manila] PHP Warning:  Attempt to read property "queue_number" on bool in C:\xampp\htdocs\QUEUE\module\cashier\list.php on line 45
[17-Mar-2025 09:23:08 Asia/Manila] PHP Warning:  Attempt to read property "transaction_id" on bool in C:\xampp\htdocs\QUEUE\module\cashier\list.php on line 102
[17-Mar-2025 09:23:08 Asia/Manila] PHP Warning:  Attempt to read property "transaction_id" on bool in C:\xampp\htdocs\QUEUE\module\cashier\list.php on line 109
[17-Mar-2025 09:23:08 Asia/Manila] PHP Warning:  Attempt to read property "transaction_id" on bool in C:\xampp\htdocs\QUEUE\module\cashier\list.php on line 116
[17-Mar-2025 09:23:10 Asia/Manila] PHP Warning:  Attempt to read property "queue_number" on bool in C:\xampp\htdocs\QUEUE\module\cashier\list.php on line 45
[17-Mar-2025 09:23:10 Asia/Manila] PHP Warning:  Attempt to read property "transaction_id" on bool in C:\xampp\htdocs\QUEUE\module\cashier\list.php on line 102
[17-Mar-2025 09:23:11 Asia/Manila] PHP Warning:  Attempt to read property "transaction_id" on bool in C:\xampp\htdocs\QUEUE\module\cashier\list.php on line 109
[17-Mar-2025 09:23:11 Asia/Manila] PHP Warning:  Attempt to read property "transaction_id" on bool in C:\xampp\htdocs\QUEUE\module\cashier\list.php on line 116
[17-Mar-2025 09:23:13 Asia/Manila] PHP Warning:  Attempt to read property "queue_number" on bool in C:\xampp\htdocs\QUEUE\module\monitor\list.php on line 37
[17-Mar-2025 09:23:13 Asia/Manila] PHP Warning:  Attempt to read property "counter_name" on bool in C:\xampp\htdocs\QUEUE\module\monitor\list.php on line 39
[17-Mar-2025 09:23:13 Asia/Manila] PHP Warning:  Undefined variable $AY in C:\xampp\htdocs\QUEUE\include\functions.php on line 129
[17-Mar-2025 09:23:13 Asia/Manila] PHP Warning:  Undefined variable $SEMESTER in C:\xampp\htdocs\QUEUE\include\functions.php on line 130
[17-Mar-2025 09:23:13 Asia/Manila] PHP Warning:  Undefined variable $ip in C:\xampp\htdocs\QUEUE\include\functions.php on line 131
[17-Mar-2025 09:23:13 Asia/Manila] PHP Warning:  Attempt to read property "queue_number" on bool in C:\xampp\htdocs\QUEUE\module\cashier\list.php on line 45
[17-Mar-2025 09:23:13 Asia/Manila] PHP Warning:  Attempt to read property "transaction_id" on bool in C:\xampp\htdocs\QUEUE\module\cashier\list.php on line 102
[17-Mar-2025 09:23:13 Asia/Manila] PHP Warning:  Attempt to read property "transaction_id" on bool in C:\xampp\htdocs\QUEUE\module\cashier\list.php on line 109
[17-Mar-2025 09:23:13 Asia/Manila] PHP Warning:  Attempt to read property "transaction_id" on bool in C:\xampp\htdocs\QUEUE\module\cashier\list.php on line 116
[17-Mar-2025 09:23:17 Asia/Manila] PHP Warning:  Attempt to read property "queue_number" on bool in C:\xampp\htdocs\QUEUE\module\cashier\list.php on line 45
[17-Mar-2025 09:23:17 Asia/Manila] PHP Warning:  Attempt to read property "transaction_id" on bool in C:\xampp\htdocs\QUEUE\module\cashier\list.php on line 102
[17-Mar-2025 09:23:17 Asia/Manila] PHP Warning:  Attempt to read property "transaction_id" on bool in C:\xampp\htdocs\QUEUE\module\cashier\list.php on line 109
[17-Mar-2025 09:23:17 Asia/Manila] PHP Warning:  Attempt to read property "transaction_id" on bool in C:\xampp\htdocs\QUEUE\module\cashier\list.php on line 116
[17-Mar-2025 09:23:18 Asia/Manila] PHP Warning:  Undefined array key "priority_check" in C:\xampp\htdocs\QUEUE\module\kiosk\controller.php on line 17
[17-Mar-2025 09:23:18 Asia/Manila] PHP Warning:  Undefined variable $AY in C:\xampp\htdocs\QUEUE\include\functions.php on line 129
[17-Mar-2025 09:23:18 Asia/Manila] PHP Warning:  Undefined variable $SEMESTER in C:\xampp\htdocs\QUEUE\include\functions.php on line 130
[17-Mar-2025 09:23:18 Asia/Manila] PHP Warning:  Undefined variable $ip in C:\xampp\htdocs\QUEUE\include\functions.php on line 131
[17-Mar-2025 09:23:19 Asia/Manila] PHP Warning:  Attempt to read property "queue_number" on bool in C:\xampp\htdocs\QUEUE\module\monitor\list.php on line 37
[17-Mar-2025 09:23:19 Asia/Manila] PHP Warning:  Attempt to read property "counter_name" on bool in C:\xampp\htdocs\QUEUE\module\monitor\list.php on line 39
[17-Mar-2025 09:23:20 Asia/Manila] PHP Warning:  Attempt to read property "queue_number" on bool in C:\xampp\htdocs\QUEUE\module\cashier\list.php on line 45
[17-Mar-2025 09:23:20 Asia/Manila] PHP Warning:  Attempt to read property "transaction_id" on bool in C:\xampp\htdocs\QUEUE\module\cashier\list.php on line 102
[17-Mar-2025 09:23:20 Asia/Manila] PHP Warning:  Attempt to read property "transaction_id" on bool in C:\xampp\htdocs\QUEUE\module\cashier\list.php on line 109
[17-Mar-2025 09:23:20 Asia/Manila] PHP Warning:  Attempt to read property "transaction_id" on bool in C:\xampp\htdocs\QUEUE\module\cashier\list.php on line 116
[17-Mar-2025 09:23:22 Asia/Manila] PHP Warning:  Attempt to read property "queue_number" on bool in C:\xampp\htdocs\QUEUE\module\cashier\list.php on line 45
[17-Mar-2025 09:23:22 Asia/Manila] PHP Warning:  Attempt to read property "transaction_id" on bool in C:\xampp\htdocs\QUEUE\module\cashier\list.php on line 102
[17-Mar-2025 09:23:22 Asia/Manila] PHP Warning:  Attempt to read property "transaction_id" on bool in C:\xampp\htdocs\QUEUE\module\cashier\list.php on line 109
[17-Mar-2025 09:23:23 Asia/Manila] PHP Warning:  Attempt to read property "transaction_id" on bool in C:\xampp\htdocs\QUEUE\module\cashier\list.php on line 116
[17-Mar-2025 09:23:23 Asia/Manila] PHP Warning:  Undefined variable $AY in C:\xampp\htdocs\QUEUE\include\functions.php on line 129
[17-Mar-2025 09:23:23 Asia/Manila] PHP Warning:  Undefined variable $SEMESTER in C:\xampp\htdocs\QUEUE\include\functions.php on line 130
[17-Mar-2025 09:23:23 Asia/Manila] PHP Warning:  Undefined variable $ip in C:\xampp\htdocs\QUEUE\include\functions.php on line 131
[17-Mar-2025 09:23:24 Asia/Manila] PHP Warning:  Attempt to read property "queue_number" on bool in C:\xampp\htdocs\QUEUE\module\monitor\list.php on line 37
[17-Mar-2025 09:23:24 Asia/Manila] PHP Warning:  Attempt to read property "counter_name" on bool in C:\xampp\htdocs\QUEUE\module\monitor\list.php on line 39
[17-Mar-2025 09:23:25 Asia/Manila] PHP Warning:  Attempt to read property "queue_number" on bool in C:\xampp\htdocs\QUEUE\module\cashier\list.php on line 45
[17-Mar-2025 09:23:25 Asia/Manila] PHP Warning:  Attempt to read property "transaction_id" on bool in C:\xampp\htdocs\QUEUE\module\cashier\list.php on line 102
[17-Mar-2025 09:23:25 Asia/Manila] PHP Warning:  Attempt to read property "transaction_id" on bool in C:\xampp\htdocs\QUEUE\module\cashier\list.php on line 109
[17-Mar-2025 09:23:25 Asia/Manila] PHP Warning:  Attempt to read property "transaction_id" on bool in C:\xampp\htdocs\QUEUE\module\cashier\list.php on line 116
[17-Mar-2025 09:23:27 Asia/Manila] PHP Warning:  Undefined variable $AY in C:\xampp\htdocs\QUEUE\include\functions.php on line 129
[17-Mar-2025 09:23:27 Asia/Manila] PHP Warning:  Undefined variable $SEMESTER in C:\xampp\htdocs\QUEUE\include\functions.php on line 130
[17-Mar-2025 09:23:27 Asia/Manila] PHP Warning:  Undefined variable $ip in C:\xampp\htdocs\QUEUE\include\functions.php on line 131
[17-Mar-2025 09:23:29 Asia/Manila] PHP Warning:  Attempt to read property "queue_number" on bool in C:\xampp\htdocs\QUEUE\module\cashier\list.php on line 45
[17-Mar-2025 09:23:29 Asia/Manila] PHP Warning:  Attempt to read property "transaction_id" on bool in C:\xampp\htdocs\QUEUE\module\cashier\list.php on line 102
[17-Mar-2025 09:23:29 Asia/Manila] PHP Warning:  Attempt to read property "transaction_id" on bool in C:\xampp\htdocs\QUEUE\module\cashier\list.php on line 109
[17-Mar-2025 09:23:29 Asia/Manila] PHP Warning:  Attempt to read property "transaction_id" on bool in C:\xampp\htdocs\QUEUE\module\cashier\list.php on line 116
[17-Mar-2025 09:23:31 Asia/Manila] PHP Warning:  Attempt to read property "queue_number" on bool in C:\xampp\htdocs\QUEUE\module\monitor\list.php on line 37
[17-Mar-2025 09:23:31 Asia/Manila] PHP Warning:  Attempt to read property "counter_name" on bool in C:\xampp\htdocs\QUEUE\module\monitor\list.php on line 39
[17-Mar-2025 09:23:32 Asia/Manila] PHP Warning:  Attempt to read property "queue_number" on bool in C:\xampp\htdocs\QUEUE\module\cashier\list.php on line 45
[17-Mar-2025 09:23:32 Asia/Manila] PHP Warning:  Attempt to read property "transaction_id" on bool in C:\xampp\htdocs\QUEUE\module\cashier\list.php on line 102
[17-Mar-2025 09:23:32 Asia/Manila] PHP Warning:  Attempt to read property "transaction_id" on bool in C:\xampp\htdocs\QUEUE\module\cashier\list.php on line 109
[17-Mar-2025 09:23:32 Asia/Manila] PHP Warning:  Attempt to read property "transaction_id" on bool in C:\xampp\htdocs\QUEUE\module\cashier\list.php on line 116
[17-Mar-2025 09:23:32 Asia/Manila] PHP Warning:  Undefined array key "priority_check" in C:\xampp\htdocs\QUEUE\module\kiosk\controller.php on line 17
[17-Mar-2025 09:23:32 Asia/Manila] PHP Warning:  Undefined variable $AY in C:\xampp\htdocs\QUEUE\include\functions.php on line 129
[17-Mar-2025 09:23:32 Asia/Manila] PHP Warning:  Undefined variable $SEMESTER in C:\xampp\htdocs\QUEUE\include\functions.php on line 130
[17-Mar-2025 09:23:32 Asia/Manila] PHP Warning:  Undefined variable $ip in C:\xampp\htdocs\QUEUE\include\functions.php on line 131
[17-Mar-2025 09:23:35 Asia/Manila] PHP Warning:  Attempt to read property "queue_number" on bool in C:\xampp\htdocs\QUEUE\module\cashier\list.php on line 45
[17-Mar-2025 09:23:35 Asia/Manila] PHP Warning:  Attempt to read property "transaction_id" on bool in C:\xampp\htdocs\QUEUE\module\cashier\list.php on line 102
[17-Mar-2025 09:23:35 Asia/Manila] PHP Warning:  Attempt to read property "transaction_id" on bool in C:\xampp\htdocs\QUEUE\module\cashier\list.php on line 109
[17-Mar-2025 09:23:35 Asia/Manila] PHP Warning:  Attempt to read property "transaction_id" on bool in C:\xampp\htdocs\QUEUE\module\cashier\list.php on line 116
[17-Mar-2025 09:23:36 Asia/Manila] PHP Warning:  Attempt to read property "queue_number" on bool in C:\xampp\htdocs\QUEUE\module\monitor\list.php on line 37
[17-Mar-2025 09:23:36 Asia/Manila] PHP Warning:  Attempt to read property "counter_name" on bool in C:\xampp\htdocs\QUEUE\module\monitor\list.php on line 39
[17-Mar-2025 09:23:37 Asia/Manila] PHP Warning:  Undefined array key "priority_check" in C:\xampp\htdocs\QUEUE\module\kiosk\controller.php on line 17
[17-Mar-2025 09:23:37 Asia/Manila] PHP Warning:  Undefined variable $AY in C:\xampp\htdocs\QUEUE\include\functions.php on line 129
[17-Mar-2025 09:23:37 Asia/Manila] PHP Warning:  Undefined variable $SEMESTER in C:\xampp\htdocs\QUEUE\include\functions.php on line 130
[17-Mar-2025 09:23:37 Asia/Manila] PHP Warning:  Undefined variable $ip in C:\xampp\htdocs\QUEUE\include\functions.php on line 131
[17-Mar-2025 09:23:37 Asia/Manila] PHP Warning:  Attempt to read property "queue_number" on bool in C:\xampp\htdocs\QUEUE\module\cashier\list.php on line 45
[17-Mar-2025 09:23:37 Asia/Manila] PHP Warning:  Attempt to read property "transaction_id" on bool in C:\xampp\htdocs\QUEUE\module\cashier\list.php on line 102
[17-Mar-2025 09:23:37 Asia/Manila] PHP Warning:  Attempt to read property "transaction_id" on bool in C:\xampp\htdocs\QUEUE\module\cashier\list.php on line 109
[17-Mar-2025 09:23:37 Asia/Manila] PHP Warning:  Attempt to read property "transaction_id" on bool in C:\xampp\htdocs\QUEUE\module\cashier\list.php on line 116
[17-Mar-2025 09:23:41 Asia/Manila] PHP Warning:  Undefined variable $AY in C:\xampp\htdocs\QUEUE\include\functions.php on line 129
[17-Mar-2025 09:23:41 Asia/Manila] PHP Warning:  Undefined variable $SEMESTER in C:\xampp\htdocs\QUEUE\include\functions.php on line 130
[17-Mar-2025 09:23:41 Asia/Manila] PHP Warning:  Undefined variable $ip in C:\xampp\htdocs\QUEUE\include\functions.php on line 131
[17-Mar-2025 09:23:43 Asia/Manila] PHP Warning:  Attempt to read property "queue_number" on bool in C:\xampp\htdocs\QUEUE\module\monitor\list.php on line 37
[17-Mar-2025 09:23:43 Asia/Manila] PHP Warning:  Attempt to read property "counter_name" on bool in C:\xampp\htdocs\QUEUE\module\monitor\list.php on line 39
[17-Mar-2025 09:23:43 Asia/Manila] PHP Warning:  Attempt to read property "queue_number" on bool in C:\xampp\htdocs\QUEUE\module\cashier\list.php on line 45
[17-Mar-2025 09:23:43 Asia/Manila] PHP Warning:  Attempt to read property "transaction_id" on bool in C:\xampp\htdocs\QUEUE\module\cashier\list.php on line 102
[17-Mar-2025 09:23:43 Asia/Manila] PHP Warning:  Attempt to read property "transaction_id" on bool in C:\xampp\htdocs\QUEUE\module\cashier\list.php on line 109
[17-Mar-2025 09:23:43 Asia/Manila] PHP Warning:  Attempt to read property "transaction_id" on bool in C:\xampp\htdocs\QUEUE\module\cashier\list.php on line 116
[17-Mar-2025 09:23:43 Asia/Manila] PHP Warning:  Attempt to read property "queue_number" on bool in C:\xampp\htdocs\QUEUE\module\cashier\list.php on line 45
[17-Mar-2025 09:23:43 Asia/Manila] PHP Warning:  Attempt to read property "transaction_id" on bool in C:\xampp\htdocs\QUEUE\module\cashier\list.php on line 102
[17-Mar-2025 09:23:43 Asia/Manila] PHP Warning:  Attempt to read property "transaction_id" on bool in C:\xampp\htdocs\QUEUE\module\cashier\list.php on line 109
[17-Mar-2025 09:23:43 Asia/Manila] PHP Warning:  Attempt to read property "transaction_id" on bool in C:\xampp\htdocs\QUEUE\module\cashier\list.php on line 116
[17-Mar-2025 09:23:44 Asia/Manila] PHP Warning:  Attempt to read property "queue_number" on bool in C:\xampp\htdocs\QUEUE\module\monitor\list.php on line 37
[17-Mar-2025 09:23:44 Asia/Manila] PHP Warning:  Attempt to read property "counter_name" on bool in C:\xampp\htdocs\QUEUE\module\monitor\list.php on line 39
[17-Mar-2025 09:23:49 Asia/Manila] PHP Warning:  Attempt to read property "queue_number" on bool in C:\xampp\htdocs\QUEUE\module\cashier\list.php on line 45
[17-Mar-2025 09:23:49 Asia/Manila] PHP Warning:  Attempt to read property "transaction_id" on bool in C:\xampp\htdocs\QUEUE\module\cashier\list.php on line 102
[17-Mar-2025 09:23:49 Asia/Manila] PHP Warning:  Attempt to read property "transaction_id" on bool in C:\xampp\htdocs\QUEUE\module\cashier\list.php on line 109
[17-Mar-2025 09:23:49 Asia/Manila] PHP Warning:  Attempt to read property "transaction_id" on bool in C:\xampp\htdocs\QUEUE\module\cashier\list.php on line 116
[17-Mar-2025 09:23:50 Asia/Manila] PHP Warning:  Attempt to read property "queue_number" on bool in C:\xampp\htdocs\QUEUE\module\monitor\list.php on line 37
[17-Mar-2025 09:23:50 Asia/Manila] PHP Warning:  Attempt to read property "counter_name" on bool in C:\xampp\htdocs\QUEUE\module\monitor\list.php on line 39
[17-Mar-2025 09:23:50 Asia/Manila] PHP Warning:  Attempt to read property "queue_number" on bool in C:\xampp\htdocs\QUEUE\module\cashier\list.php on line 45
[17-Mar-2025 09:23:50 Asia/Manila] PHP Warning:  Attempt to read property "transaction_id" on bool in C:\xampp\htdocs\QUEUE\module\cashier\list.php on line 102
[17-Mar-2025 09:23:50 Asia/Manila] PHP Warning:  Attempt to read property "transaction_id" on bool in C:\xampp\htdocs\QUEUE\module\cashier\list.php on line 109
[17-Mar-2025 09:23:50 Asia/Manila] PHP Warning:  Attempt to read property "transaction_id" on bool in C:\xampp\htdocs\QUEUE\module\cashier\list.php on line 116
[17-Mar-2025 09:23:53 Asia/Manila] PHP Warning:  Undefined variable $transactionId in C:\xampp\htdocs\QUEUE\module\cashier\controller.php on line 138
[17-Mar-2025 09:23:53 Asia/Manila] PHP Warning:  Undefined variable $AY in C:\xampp\htdocs\QUEUE\include\functions.php on line 129
[17-Mar-2025 09:23:53 Asia/Manila] PHP Warning:  Undefined variable $SEMESTER in C:\xampp\htdocs\QUEUE\include\functions.php on line 130
[17-Mar-2025 09:23:53 Asia/Manila] PHP Warning:  Undefined variable $ip in C:\xampp\htdocs\QUEUE\include\functions.php on line 131
[17-Mar-2025 09:23:56 Asia/Manila] PHP Warning:  Attempt to read property "queue_number" on bool in C:\xampp\htdocs\QUEUE\module\cashier\list.php on line 45
[17-Mar-2025 09:23:56 Asia/Manila] PHP Warning:  Attempt to read property "transaction_id" on bool in C:\xampp\htdocs\QUEUE\module\cashier\list.php on line 102
[17-Mar-2025 09:23:56 Asia/Manila] PHP Warning:  Attempt to read property "transaction_id" on bool in C:\xampp\htdocs\QUEUE\module\cashier\list.php on line 109
[17-Mar-2025 09:23:56 Asia/Manila] PHP Warning:  Attempt to read property "transaction_id" on bool in C:\xampp\htdocs\QUEUE\module\cashier\list.php on line 116
[17-Mar-2025 09:24:03 Asia/Manila] PHP Warning:  Attempt to read property "queue_number" on bool in C:\xampp\htdocs\QUEUE\module\cashier\list.php on line 45
[17-Mar-2025 09:24:03 Asia/Manila] PHP Warning:  Attempt to read property "transaction_id" on bool in C:\xampp\htdocs\QUEUE\module\cashier\list.php on line 102
[17-Mar-2025 09:24:03 Asia/Manila] PHP Warning:  Attempt to read property "transaction_id" on bool in C:\xampp\htdocs\QUEUE\module\cashier\list.php on line 109
[17-Mar-2025 09:24:03 Asia/Manila] PHP Warning:  Attempt to read property "transaction_id" on bool in C:\xampp\htdocs\QUEUE\module\cashier\list.php on line 116
[17-Mar-2025 09:24:09 Asia/Manila] PHP Warning:  Attempt to read property "queue_number" on bool in C:\xampp\htdocs\QUEUE\module\cashier\list.php on line 45
[17-Mar-2025 09:24:09 Asia/Manila] PHP Warning:  Attempt to read property "transaction_id" on bool in C:\xampp\htdocs\QUEUE\module\cashier\list.php on line 102
[17-Mar-2025 09:24:09 Asia/Manila] PHP Warning:  Attempt to read property "transaction_id" on bool in C:\xampp\htdocs\QUEUE\module\cashier\list.php on line 109
[17-Mar-2025 09:24:09 Asia/Manila] PHP Warning:  Attempt to read property "transaction_id" on bool in C:\xampp\htdocs\QUEUE\module\cashier\list.php on line 116
[17-Mar-2025 09:24:14 Asia/Manila] PHP Warning:  Attempt to read property "queue_number" on bool in C:\xampp\htdocs\QUEUE\module\cashier\list.php on line 45
[17-Mar-2025 09:24:14 Asia/Manila] PHP Warning:  Attempt to read property "transaction_id" on bool in C:\xampp\htdocs\QUEUE\module\cashier\list.php on line 102
[17-Mar-2025 09:24:14 Asia/Manila] PHP Warning:  Attempt to read property "transaction_id" on bool in C:\xampp\htdocs\QUEUE\module\cashier\list.php on line 109
[17-Mar-2025 09:24:14 Asia/Manila] PHP Warning:  Attempt to read property "transaction_id" on bool in C:\xampp\htdocs\QUEUE\module\cashier\list.php on line 116
[17-Mar-2025 09:24:16 Asia/Manila] PHP Warning:  Undefined variable $transactionId in C:\xampp\htdocs\QUEUE\module\cashier\controller.php on line 138
[17-Mar-2025 09:24:16 Asia/Manila] PHP Warning:  Undefined variable $AY in C:\xampp\htdocs\QUEUE\include\functions.php on line 129
[17-Mar-2025 09:24:16 Asia/Manila] PHP Warning:  Undefined variable $SEMESTER in C:\xampp\htdocs\QUEUE\include\functions.php on line 130
[17-Mar-2025 09:24:16 Asia/Manila] PHP Warning:  Undefined variable $ip in C:\xampp\htdocs\QUEUE\include\functions.php on line 131
[17-Mar-2025 09:24:46 Asia/Manila] PHP Warning:  Undefined variable $AY in C:\xampp\htdocs\QUEUE\include\functions.php on line 129
[17-Mar-2025 09:24:46 Asia/Manila] PHP Warning:  Undefined variable $SEMESTER in C:\xampp\htdocs\QUEUE\include\functions.php on line 130
[17-Mar-2025 09:24:46 Asia/Manila] PHP Warning:  Undefined variable $ip in C:\xampp\htdocs\QUEUE\include\functions.php on line 131
[17-Mar-2025 09:24:46 Asia/Manila] PHP Warning:  Undefined variable $transactionId in C:\xampp\htdocs\QUEUE\module\cashier\controller.php on line 138
[17-Mar-2025 09:24:46 Asia/Manila] PHP Warning:  Undefined variable $AY in C:\xampp\htdocs\QUEUE\include\functions.php on line 129
[17-Mar-2025 09:24:46 Asia/Manila] PHP Warning:  Undefined variable $SEMESTER in C:\xampp\htdocs\QUEUE\include\functions.php on line 130
[17-Mar-2025 09:24:46 Asia/Manila] PHP Warning:  Undefined variable $ip in C:\xampp\htdocs\QUEUE\include\functions.php on line 131
[17-Mar-2025 09:25:28 Asia/Manila] PHP Warning:  Undefined variable $AY in C:\xampp\htdocs\QUEUE\include\functions.php on line 129
[17-Mar-2025 09:25:28 Asia/Manila] PHP Warning:  Undefined variable $SEMESTER in C:\xampp\htdocs\QUEUE\include\functions.php on line 130
[17-Mar-2025 09:25:28 Asia/Manila] PHP Warning:  Undefined variable $ip in C:\xampp\htdocs\QUEUE\include\functions.php on line 131
[17-Mar-2025 09:25:29 Asia/Manila] PHP Warning:  Undefined array key "ACCOUNT_USERNAME" in C:\xampp\htdocs\QUEUE\theme\topnav.php on line 39
[17-Mar-2025 09:25:35 Asia/Manila] PHP Warning:  Undefined array key "ACCOUNT_USERNAME" in C:\xampp\htdocs\QUEUE\theme\topnav.php on line 39
[17-Mar-2025 09:25:41 Asia/Manila] PHP Warning:  Undefined array key "ACCOUNT_USERNAME" in C:\xampp\htdocs\QUEUE\theme\topnav.php on line 39
[17-Mar-2025 09:25:47 Asia/Manila] PHP Warning:  Undefined array key "ACCOUNT_USERNAME" in C:\xampp\htdocs\QUEUE\theme\topnav.php on line 39
[17-Mar-2025 09:25:48 Asia/Manila] PHP Warning:  Undefined array key "ACCOUNT_USERNAME" in C:\xampp\htdocs\QUEUE\theme\topnav.php on line 39
[17-Mar-2025 09:25:53 Asia/Manila] PHP Warning:  Undefined array key "ACCOUNT_USERNAME" in C:\xampp\htdocs\QUEUE\theme\topnav.php on line 39
[17-Mar-2025 09:25:59 Asia/Manila] PHP Warning:  Undefined array key "ACCOUNT_USERNAME" in C:\xampp\htdocs\QUEUE\theme\topnav.php on line 39
[17-Mar-2025 09:26:04 Asia/Manila] PHP Warning:  Undefined variable $AY in C:\xampp\htdocs\QUEUE\include\functions.php on line 129
[17-Mar-2025 09:26:04 Asia/Manila] PHP Warning:  Undefined variable $SEMESTER in C:\xampp\htdocs\QUEUE\include\functions.php on line 130
[17-Mar-2025 09:26:04 Asia/Manila] PHP Warning:  Undefined variable $ip in C:\xampp\htdocs\QUEUE\include\functions.php on line 131
[17-Mar-2025 09:26:21 Asia/Manila] PHP Warning:  Undefined variable $AY in C:\xampp\htdocs\QUEUE\include\functions.php on line 129
[17-Mar-2025 09:26:21 Asia/Manila] PHP Warning:  Undefined variable $SEMESTER in C:\xampp\htdocs\QUEUE\include\functions.php on line 130
[17-Mar-2025 09:26:21 Asia/Manila] PHP Warning:  Undefined variable $ip in C:\xampp\htdocs\QUEUE\include\functions.php on line 131
[17-Mar-2025 09:26:21 Asia/Manila] PHP Warning:  Undefined variable $transactionId in C:\xampp\htdocs\QUEUE\module\cashier\controller.php on line 138
[17-Mar-2025 09:26:21 Asia/Manila] PHP Warning:  Undefined variable $AY in C:\xampp\htdocs\QUEUE\include\functions.php on line 129
[17-Mar-2025 09:26:21 Asia/Manila] PHP Warning:  Undefined variable $SEMESTER in C:\xampp\htdocs\QUEUE\include\functions.php on line 130
[17-Mar-2025 09:26:21 Asia/Manila] PHP Warning:  Undefined variable $ip in C:\xampp\htdocs\QUEUE\include\functions.php on line 131
[17-Mar-2025 09:28:36 Asia/Manila] PHP Warning:  Undefined variable $AY in C:\xampp\htdocs\QUEUE\include\functions.php on line 129
[17-Mar-2025 09:28:36 Asia/Manila] PHP Warning:  Undefined variable $SEMESTER in C:\xampp\htdocs\QUEUE\include\functions.php on line 130
[17-Mar-2025 09:28:36 Asia/Manila] PHP Warning:  Undefined variable $ip in C:\xampp\htdocs\QUEUE\include\functions.php on line 131
[17-Mar-2025 09:28:36 Asia/Manila] PHP Warning:  Undefined array key "ACCOUNT_USERNAME" in C:\xampp\htdocs\QUEUE\theme\topnav.php on line 39
[17-Mar-2025 09:28:41 Asia/Manila] PHP Warning:  Undefined array key "ACCOUNT_USERNAME" in C:\xampp\htdocs\QUEUE\theme\topnav.php on line 39
[17-Mar-2025 09:28:48 Asia/Manila] PHP Warning:  Undefined array key "ACCOUNT_USERNAME" in C:\xampp\htdocs\QUEUE\theme\topnav.php on line 39
[17-Mar-2025 09:28:49 Asia/Manila] PHP Warning:  Undefined variable $AY in C:\xampp\htdocs\QUEUE\include\functions.php on line 129
[17-Mar-2025 09:28:49 Asia/Manila] PHP Warning:  Undefined variable $SEMESTER in C:\xampp\htdocs\QUEUE\include\functions.php on line 130
[17-Mar-2025 09:28:49 Asia/Manila] PHP Warning:  Undefined variable $ip in C:\xampp\htdocs\QUEUE\include\functions.php on line 131
[17-Mar-2025 09:34:09 Asia/Manila] PHP Warning:  Undefined variable $currentCustomer in C:\xampp\htdocs\QUEUE\module\kiosk\list.php on line 33
[17-Mar-2025 09:34:09 Asia/Manila] PHP Warning:  Attempt to read property "queue_number" on null in C:\xampp\htdocs\QUEUE\module\kiosk\list.php on line 33
[17-Mar-2025 09:34:09 Asia/Manila] PHP Warning:  Undefined variable $currentCustomer in C:\xampp\htdocs\QUEUE\module\kiosk\list.php on line 33
[17-Mar-2025 09:34:09 Asia/Manila] PHP Warning:  Attempt to read property "queue_number" on null in C:\xampp\htdocs\QUEUE\module\kiosk\list.php on line 33
[17-Mar-2025 09:34:14 Asia/Manila] PHP Warning:  Undefined variable $currentCustomer in C:\xampp\htdocs\QUEUE\module\kiosk\list.php on line 33
[17-Mar-2025 09:34:14 Asia/Manila] PHP Warning:  Attempt to read property "queue_number" on null in C:\xampp\htdocs\QUEUE\module\kiosk\list.php on line 33
[17-Mar-2025 09:34:22 Asia/Manila] PHP Warning:  Undefined variable $currentCustomer in C:\xampp\htdocs\QUEUE\module\kiosk\list.php on line 33
[17-Mar-2025 09:34:22 Asia/Manila] PHP Warning:  Attempt to read property "queue_number" on null in C:\xampp\htdocs\QUEUE\module\kiosk\list.php on line 33
[17-Mar-2025 09:34:30 Asia/Manila] PHP Warning:  Undefined variable $currentCustomer in C:\xampp\htdocs\QUEUE\module\kiosk\list.php on line 33
[17-Mar-2025 09:34:30 Asia/Manila] PHP Warning:  Attempt to read property "queue_number" on null in C:\xampp\htdocs\QUEUE\module\kiosk\list.php on line 33
[17-Mar-2025 09:34:32 Asia/Manila] PHP Warning:  Undefined variable $currentCustomer in C:\xampp\htdocs\QUEUE\module\kiosk\list.php on line 33
[17-Mar-2025 09:34:32 Asia/Manila] PHP Warning:  Attempt to read property "queue_number" on null in C:\xampp\htdocs\QUEUE\module\kiosk\list.php on line 33
[17-Mar-2025 09:34:51 Asia/Manila] PHP Warning:  Undefined variable $currentCustomer in C:\xampp\htdocs\QUEUE\module\kiosk\list.php on line 33
[17-Mar-2025 09:34:51 Asia/Manila] PHP Warning:  Attempt to read property "queue_number" on null in C:\xampp\htdocs\QUEUE\module\kiosk\list.php on line 33
[17-Mar-2025 09:34:52 Asia/Manila] PHP Warning:  Undefined variable $currentCustomer in C:\xampp\htdocs\QUEUE\module\kiosk\list.php on line 33
[17-Mar-2025 09:34:52 Asia/Manila] PHP Warning:  Attempt to read property "queue_number" on null in C:\xampp\htdocs\QUEUE\module\kiosk\list.php on line 33
[17-Mar-2025 09:53:19 Asia/Manila] PHP Warning:  Undefined array key "priority_check" in C:\xampp\htdocs\QUEUE\module\kiosk\controller.php on line 17
[17-Mar-2025 09:53:20 Asia/Manila] PHP Warning:  Undefined variable $AY in C:\xampp\htdocs\QUEUE\include\functions.php on line 129
[17-Mar-2025 09:53:20 Asia/Manila] PHP Warning:  Undefined variable $SEMESTER in C:\xampp\htdocs\QUEUE\include\functions.php on line 130
[17-Mar-2025 09:53:20 Asia/Manila] PHP Warning:  Undefined variable $ip in C:\xampp\htdocs\QUEUE\include\functions.php on line 131
[17-Mar-2025 09:53:40 Asia/Manila] PHP Warning:  Undefined array key "priority_check" in C:\xampp\htdocs\QUEUE\module\kiosk\controller.php on line 17
[17-Mar-2025 09:53:40 Asia/Manila] PHP Warning:  Undefined variable $AY in C:\xampp\htdocs\QUEUE\include\functions.php on line 129
[17-Mar-2025 09:53:40 Asia/Manila] PHP Warning:  Undefined variable $SEMESTER in C:\xampp\htdocs\QUEUE\include\functions.php on line 130
[17-Mar-2025 09:53:40 Asia/Manila] PHP Warning:  Undefined variable $ip in C:\xampp\htdocs\QUEUE\include\functions.php on line 131
[17-Mar-2025 09:53:48 Asia/Manila] PHP Warning:  Undefined array key "priority_check" in C:\xampp\htdocs\QUEUE\module\kiosk\controller.php on line 17
[17-Mar-2025 09:53:48 Asia/Manila] PHP Warning:  Undefined variable $AY in C:\xampp\htdocs\QUEUE\include\functions.php on line 129
[17-Mar-2025 09:53:48 Asia/Manila] PHP Warning:  Undefined variable $SEMESTER in C:\xampp\htdocs\QUEUE\include\functions.php on line 130
[17-Mar-2025 09:53:48 Asia/Manila] PHP Warning:  Undefined variable $ip in C:\xampp\htdocs\QUEUE\include\functions.php on line 131
[17-Mar-2025 09:56:10 Asia/Manila] PHP Warning:  Undefined array key "priority_check" in C:\xampp\htdocs\QUEUE\module\kiosk\controller.php on line 17
[17-Mar-2025 09:56:10 Asia/Manila] PHP Warning:  Undefined variable $AY in C:\xampp\htdocs\QUEUE\include\functions.php on line 129
[17-Mar-2025 09:56:10 Asia/Manila] PHP Warning:  Undefined variable $SEMESTER in C:\xampp\htdocs\QUEUE\include\functions.php on line 130
[17-Mar-2025 09:56:10 Asia/Manila] PHP Warning:  Undefined variable $ip in C:\xampp\htdocs\QUEUE\include\functions.php on line 131
[17-Mar-2025 10:33:46 Asia/Manila] PHP Warning:  Undefined variable $AY in C:\xampp\htdocs\QUEUE\include\functions.php on line 129
[17-Mar-2025 10:33:46 Asia/Manila] PHP Warning:  Undefined variable $SEMESTER in C:\xampp\htdocs\QUEUE\include\functions.php on line 130
[17-Mar-2025 10:33:46 Asia/Manila] PHP Warning:  Undefined variable $ip in C:\xampp\htdocs\QUEUE\include\functions.php on line 131
[17-Mar-2025 10:33:47 Asia/Manila] PHP Warning:  Undefined array key "ACCOUNT_USERNAME" in C:\xampp\htdocs\QUEUE\theme\topnav.php on line 39
[17-Mar-2025 10:34:07 Asia/Manila] PHP Warning:  Undefined variable $AY in C:\xampp\htdocs\QUEUE\include\functions.php on line 129
[17-Mar-2025 10:34:07 Asia/Manila] PHP Warning:  Undefined variable $SEMESTER in C:\xampp\htdocs\QUEUE\include\functions.php on line 130
[17-Mar-2025 10:34:07 Asia/Manila] PHP Warning:  Undefined variable $ip in C:\xampp\htdocs\QUEUE\include\functions.php on line 131
[17-Mar-2025 10:38:51 Asia/Manila] PHP Warning:  Undefined variable $AY in C:\xampp\htdocs\QUEUE\include\functions.php on line 129
[17-Mar-2025 10:38:51 Asia/Manila] PHP Warning:  Undefined variable $SEMESTER in C:\xampp\htdocs\QUEUE\include\functions.php on line 130
[17-Mar-2025 10:38:51 Asia/Manila] PHP Warning:  Undefined variable $ip in C:\xampp\htdocs\QUEUE\include\functions.php on line 131
[17-Mar-2025 10:39:02 Asia/Manila] PHP Warning:  Undefined variable $AY in C:\xampp\htdocs\QUEUE\include\functions.php on line 129
[17-Mar-2025 10:39:02 Asia/Manila] PHP Warning:  Undefined variable $SEMESTER in C:\xampp\htdocs\QUEUE\include\functions.php on line 130
[17-Mar-2025 10:39:02 Asia/Manila] PHP Warning:  Undefined variable $ip in C:\xampp\htdocs\QUEUE\include\functions.php on line 131
[17-Mar-2025 10:39:07 Asia/Manila] PHP Warning:  Undefined array key "priority_check" in C:\xampp\htdocs\QUEUE\module\kiosk\controller.php on line 17
[17-Mar-2025 10:39:07 Asia/Manila] PHP Warning:  Undefined variable $AY in C:\xampp\htdocs\QUEUE\include\functions.php on line 129
[17-Mar-2025 10:39:07 Asia/Manila] PHP Warning:  Undefined variable $SEMESTER in C:\xampp\htdocs\QUEUE\include\functions.php on line 130
[17-Mar-2025 10:39:07 Asia/Manila] PHP Warning:  Undefined variable $ip in C:\xampp\htdocs\QUEUE\include\functions.php on line 131
[17-Mar-2025 10:39:11 Asia/Manila] PHP Warning:  Undefined variable $AY in C:\xampp\htdocs\QUEUE\include\functions.php on line 129
[17-Mar-2025 10:39:11 Asia/Manila] PHP Warning:  Undefined variable $SEMESTER in C:\xampp\htdocs\QUEUE\include\functions.php on line 130
[17-Mar-2025 10:39:11 Asia/Manila] PHP Warning:  Undefined variable $ip in C:\xampp\htdocs\QUEUE\include\functions.php on line 131
[17-Mar-2025 10:42:43 Asia/Manila] PHP Warning:  Undefined variable $res in C:\xampp\htdocs\QUEUE\module\cashier\list.php on line 183
[17-Mar-2025 10:42:43 Asia/Manila] PHP Warning:  Attempt to read property "priority" on null in C:\xampp\htdocs\QUEUE\module\cashier\list.php on line 183
[17-Mar-2025 10:42:47 Asia/Manila] PHP Warning:  Undefined variable $res in C:\xampp\htdocs\QUEUE\module\cashier\list.php on line 183
[17-Mar-2025 10:42:47 Asia/Manila] PHP Warning:  Attempt to read property "priority" on null in C:\xampp\htdocs\QUEUE\module\cashier\list.php on line 183
[17-Mar-2025 10:42:49 Asia/Manila] PHP Warning:  Undefined variable $res in C:\xampp\htdocs\QUEUE\module\cashier\list.php on line 184
[17-Mar-2025 10:42:49 Asia/Manila] PHP Warning:  Attempt to read property "priority" on null in C:\xampp\htdocs\QUEUE\module\cashier\list.php on line 184
[17-Mar-2025 10:42:53 Asia/Manila] PHP Warning:  Undefined variable $res in C:\xampp\htdocs\QUEUE\module\cashier\list.php on line 184
[17-Mar-2025 10:42:53 Asia/Manila] PHP Warning:  Attempt to read property "priority" on null in C:\xampp\htdocs\QUEUE\module\cashier\list.php on line 184
[17-Mar-2025 10:42:55 Asia/Manila] PHP Warning:  Undefined variable $res in C:\xampp\htdocs\QUEUE\module\cashier\list.php on line 184
[17-Mar-2025 10:42:55 Asia/Manila] PHP Warning:  Attempt to read property "priority" on null in C:\xampp\htdocs\QUEUE\module\cashier\list.php on line 184
[17-Mar-2025 12:40:07 Asia/Manila] PHP Warning:  Undefined array key "ACCOUNT_USERNAME" in C:\xampp\htdocs\QUEUE\theme\topnav.php on line 39
[17-Mar-2025 12:45:25 Asia/Manila] PHP Warning:  Undefined array key "ACCOUNT_USERNAME" in C:\xampp\htdocs\QUEUE\theme\topnav.php on line 39
[17-Mar-2025 12:45:31 Asia/Manila] PHP Warning:  Undefined array key "ACCOUNT_USERNAME" in C:\xampp\htdocs\QUEUE\theme\topnav.php on line 39
[17-Mar-2025 12:45:34 Asia/Manila] PHP Warning:  Undefined array key "ACCOUNT_USERNAME" in C:\xampp\htdocs\QUEUE\theme\topnav.php on line 39
[17-Mar-2025 12:45:37 Asia/Manila] PHP Warning:  Undefined array key "ACCOUNT_USERNAME" in C:\xampp\htdocs\QUEUE\theme\topnav.php on line 39
[17-Mar-2025 12:45:41 Asia/Manila] PHP Warning:  Undefined variable $AY in C:\xampp\htdocs\QUEUE\include\functions.php on line 129
[17-Mar-2025 12:45:41 Asia/Manila] PHP Warning:  Undefined variable $SEMESTER in C:\xampp\htdocs\QUEUE\include\functions.php on line 130
[17-Mar-2025 12:45:41 Asia/Manila] PHP Warning:  Undefined variable $ip in C:\xampp\htdocs\QUEUE\include\functions.php on line 131
[17-Mar-2025 12:45:43 Asia/Manila] PHP Warning:  Undefined array key "ACCOUNT_USERNAME" in C:\xampp\htdocs\QUEUE\theme\topnav.php on line 39
[17-Mar-2025 12:45:48 Asia/Manila] PHP Warning:  Undefined array key "ACCOUNT_USERNAME" in C:\xampp\htdocs\QUEUE\theme\topnav.php on line 39
[17-Mar-2025 12:45:54 Asia/Manila] PHP Warning:  Undefined array key "ACCOUNT_USERNAME" in C:\xampp\htdocs\QUEUE\theme\topnav.php on line 39
[17-Mar-2025 12:46:00 Asia/Manila] PHP Warning:  Undefined array key "ACCOUNT_USERNAME" in C:\xampp\htdocs\QUEUE\theme\topnav.php on line 39
[17-Mar-2025 12:46:06 Asia/Manila] PHP Warning:  Undefined array key "ACCOUNT_USERNAME" in C:\xampp\htdocs\QUEUE\theme\topnav.php on line 39
[17-Mar-2025 12:46:12 Asia/Manila] PHP Warning:  Undefined array key "ACCOUNT_USERNAME" in C:\xampp\htdocs\QUEUE\theme\topnav.php on line 39
[17-Mar-2025 12:46:18 Asia/Manila] PHP Warning:  Undefined array key "ACCOUNT_USERNAME" in C:\xampp\htdocs\QUEUE\theme\topnav.php on line 39
[17-Mar-2025 12:46:25 Asia/Manila] PHP Warning:  Undefined array key "ACCOUNT_USERNAME" in C:\xampp\htdocs\QUEUE\theme\topnav.php on line 39
[17-Mar-2025 12:46:31 Asia/Manila] PHP Warning:  Undefined array key "ACCOUNT_USERNAME" in C:\xampp\htdocs\QUEUE\theme\topnav.php on line 39
[17-Mar-2025 12:46:36 Asia/Manila] PHP Warning:  Undefined array key "ACCOUNT_USERNAME" in C:\xampp\htdocs\QUEUE\theme\topnav.php on line 39
[17-Mar-2025 12:46:42 Asia/Manila] PHP Warning:  Undefined array key "ACCOUNT_USERNAME" in C:\xampp\htdocs\QUEUE\theme\topnav.php on line 39
[17-Mar-2025 12:46:48 Asia/Manila] PHP Warning:  Undefined array key "ACCOUNT_USERNAME" in C:\xampp\htdocs\QUEUE\theme\topnav.php on line 39
[17-Mar-2025 12:46:55 Asia/Manila] PHP Warning:  Undefined array key "ACCOUNT_USERNAME" in C:\xampp\htdocs\QUEUE\theme\topnav.php on line 39
[17-Mar-2025 12:47:01 Asia/Manila] PHP Warning:  Undefined array key "ACCOUNT_USERNAME" in C:\xampp\htdocs\QUEUE\theme\topnav.php on line 39
[17-Mar-2025 12:47:06 Asia/Manila] PHP Warning:  Undefined array key "ACCOUNT_USERNAME" in C:\xampp\htdocs\QUEUE\theme\topnav.php on line 39
[17-Mar-2025 12:47:12 Asia/Manila] PHP Warning:  Undefined array key "ACCOUNT_USERNAME" in C:\xampp\htdocs\QUEUE\theme\topnav.php on line 39
[17-Mar-2025 12:47:18 Asia/Manila] PHP Warning:  Undefined array key "ACCOUNT_USERNAME" in C:\xampp\htdocs\QUEUE\theme\topnav.php on line 39
[17-Mar-2025 12:47:24 Asia/Manila] PHP Warning:  Undefined array key "ACCOUNT_USERNAME" in C:\xampp\htdocs\QUEUE\theme\topnav.php on line 39
[17-Mar-2025 12:47:30 Asia/Manila] PHP Warning:  Undefined array key "ACCOUNT_USERNAME" in C:\xampp\htdocs\QUEUE\theme\topnav.php on line 39
[17-Mar-2025 12:47:36 Asia/Manila] PHP Warning:  Undefined array key "ACCOUNT_USERNAME" in C:\xampp\htdocs\QUEUE\theme\topnav.php on line 39
[17-Mar-2025 12:47:43 Asia/Manila] PHP Warning:  Undefined array key "ACCOUNT_USERNAME" in C:\xampp\htdocs\QUEUE\theme\topnav.php on line 39
[17-Mar-2025 12:47:48 Asia/Manila] PHP Warning:  Undefined array key "ACCOUNT_USERNAME" in C:\xampp\htdocs\QUEUE\theme\topnav.php on line 39
[17-Mar-2025 12:47:54 Asia/Manila] PHP Warning:  Undefined array key "ACCOUNT_USERNAME" in C:\xampp\htdocs\QUEUE\theme\topnav.php on line 39
[17-Mar-2025 12:48:00 Asia/Manila] PHP Warning:  Undefined array key "ACCOUNT_USERNAME" in C:\xampp\htdocs\QUEUE\theme\topnav.php on line 39
[17-Mar-2025 12:48:07 Asia/Manila] PHP Warning:  Undefined array key "ACCOUNT_USERNAME" in C:\xampp\htdocs\QUEUE\theme\topnav.php on line 39
[17-Mar-2025 12:48:13 Asia/Manila] PHP Warning:  Undefined array key "ACCOUNT_USERNAME" in C:\xampp\htdocs\QUEUE\theme\topnav.php on line 39
[17-Mar-2025 12:48:18 Asia/Manila] PHP Warning:  Undefined array key "ACCOUNT_USERNAME" in C:\xampp\htdocs\QUEUE\theme\topnav.php on line 39
[17-Mar-2025 12:48:25 Asia/Manila] PHP Warning:  Undefined array key "ACCOUNT_USERNAME" in C:\xampp\htdocs\QUEUE\theme\topnav.php on line 39
[17-Mar-2025 12:48:30 Asia/Manila] PHP Warning:  Undefined array key "ACCOUNT_USERNAME" in C:\xampp\htdocs\QUEUE\theme\topnav.php on line 39
[17-Mar-2025 12:48:36 Asia/Manila] PHP Warning:  Undefined array key "ACCOUNT_USERNAME" in C:\xampp\htdocs\QUEUE\theme\topnav.php on line 39
[17-Mar-2025 12:48:42 Asia/Manila] PHP Warning:  Undefined array key "ACCOUNT_USERNAME" in C:\xampp\htdocs\QUEUE\theme\topnav.php on line 39
[17-Mar-2025 12:48:49 Asia/Manila] PHP Warning:  Undefined array key "ACCOUNT_USERNAME" in C:\xampp\htdocs\QUEUE\theme\topnav.php on line 39
[17-Mar-2025 12:48:54 Asia/Manila] PHP Warning:  Undefined array key "ACCOUNT_USERNAME" in C:\xampp\htdocs\QUEUE\theme\topnav.php on line 39
[17-Mar-2025 12:49:00 Asia/Manila] PHP Warning:  Undefined array key "ACCOUNT_USERNAME" in C:\xampp\htdocs\QUEUE\theme\topnav.php on line 39
[17-Mar-2025 12:51:10 Asia/Manila] PHP Warning:  Undefined array key "ACCOUNT_USERNAME" in C:\xampp\htdocs\QUEUE\theme\topnav.php on line 39
[17-Mar-2025 12:51:16 Asia/Manila] PHP Warning:  Undefined array key "ACCOUNT_USERNAME" in C:\xampp\htdocs\QUEUE\theme\topnav.php on line 39
[17-Mar-2025 12:51:22 Asia/Manila] PHP Warning:  Undefined array key "ACCOUNT_USERNAME" in C:\xampp\htdocs\QUEUE\theme\topnav.php on line 39
[17-Mar-2025 12:51:28 Asia/Manila] PHP Warning:  Undefined array key "ACCOUNT_USERNAME" in C:\xampp\htdocs\QUEUE\theme\topnav.php on line 39
[17-Mar-2025 12:51:33 Asia/Manila] PHP Warning:  Undefined array key "ACCOUNT_USERNAME" in C:\xampp\htdocs\QUEUE\theme\topnav.php on line 39
[17-Mar-2025 12:51:39 Asia/Manila] PHP Warning:  Undefined array key "ACCOUNT_USERNAME" in C:\xampp\htdocs\QUEUE\theme\topnav.php on line 39
[17-Mar-2025 12:51:46 Asia/Manila] PHP Warning:  Undefined array key "ACCOUNT_USERNAME" in C:\xampp\htdocs\QUEUE\theme\topnav.php on line 39
[17-Mar-2025 12:51:52 Asia/Manila] PHP Warning:  Undefined array key "ACCOUNT_USERNAME" in C:\xampp\htdocs\QUEUE\theme\topnav.php on line 39
[17-Mar-2025 12:51:57 Asia/Manila] PHP Warning:  Undefined array key "ACCOUNT_USERNAME" in C:\xampp\htdocs\QUEUE\theme\topnav.php on line 39
[17-Mar-2025 12:52:03 Asia/Manila] PHP Warning:  Undefined array key "ACCOUNT_USERNAME" in C:\xampp\htdocs\QUEUE\theme\topnav.php on line 39
[17-Mar-2025 12:52:09 Asia/Manila] PHP Warning:  Undefined array key "ACCOUNT_USERNAME" in C:\xampp\htdocs\QUEUE\theme\topnav.php on line 39
[17-Mar-2025 12:52:15 Asia/Manila] PHP Warning:  Undefined array key "ACCOUNT_USERNAME" in C:\xampp\htdocs\QUEUE\theme\topnav.php on line 39
[17-Mar-2025 12:52:21 Asia/Manila] PHP Warning:  Undefined array key "ACCOUNT_USERNAME" in C:\xampp\htdocs\QUEUE\theme\topnav.php on line 39
[17-Mar-2025 12:52:27 Asia/Manila] PHP Warning:  Undefined array key "ACCOUNT_USERNAME" in C:\xampp\htdocs\QUEUE\theme\topnav.php on line 39
[17-Mar-2025 12:52:34 Asia/Manila] PHP Warning:  Undefined array key "ACCOUNT_USERNAME" in C:\xampp\htdocs\QUEUE\theme\topnav.php on line 39
[17-Mar-2025 12:52:39 Asia/Manila] PHP Warning:  Undefined array key "ACCOUNT_USERNAME" in C:\xampp\htdocs\QUEUE\theme\topnav.php on line 39
[17-Mar-2025 12:52:45 Asia/Manila] PHP Warning:  Undefined array key "ACCOUNT_USERNAME" in C:\xampp\htdocs\QUEUE\theme\topnav.php on line 39
[17-Mar-2025 12:52:51 Asia/Manila] PHP Warning:  Undefined array key "ACCOUNT_USERNAME" in C:\xampp\htdocs\QUEUE\theme\topnav.php on line 39
[17-Mar-2025 12:52:57 Asia/Manila] PHP Warning:  Undefined array key "ACCOUNT_USERNAME" in C:\xampp\htdocs\QUEUE\theme\topnav.php on line 39
[17-Mar-2025 12:53:03 Asia/Manila] PHP Warning:  Undefined array key "ACCOUNT_USERNAME" in C:\xampp\htdocs\QUEUE\theme\topnav.php on line 39
[17-Mar-2025 12:53:10 Asia/Manila] PHP Warning:  Undefined array key "ACCOUNT_USERNAME" in C:\xampp\htdocs\QUEUE\theme\topnav.php on line 39
[17-Mar-2025 12:53:15 Asia/Manila] PHP Warning:  Undefined array key "ACCOUNT_USERNAME" in C:\xampp\htdocs\QUEUE\theme\topnav.php on line 39
[17-Mar-2025 12:53:21 Asia/Manila] PHP Warning:  Undefined array key "ACCOUNT_USERNAME" in C:\xampp\htdocs\QUEUE\theme\topnav.php on line 39
[17-Mar-2025 12:53:27 Asia/Manila] PHP Warning:  Undefined array key "ACCOUNT_USERNAME" in C:\xampp\htdocs\QUEUE\theme\topnav.php on line 39
[17-Mar-2025 12:53:33 Asia/Manila] PHP Warning:  Undefined array key "ACCOUNT_USERNAME" in C:\xampp\htdocs\QUEUE\theme\topnav.php on line 39
[17-Mar-2025 12:53:40 Asia/Manila] PHP Warning:  Undefined array key "ACCOUNT_USERNAME" in C:\xampp\htdocs\QUEUE\theme\topnav.php on line 39
[17-Mar-2025 12:53:46 Asia/Manila] PHP Warning:  Undefined array key "ACCOUNT_USERNAME" in C:\xampp\htdocs\QUEUE\theme\topnav.php on line 39
[17-Mar-2025 12:53:51 Asia/Manila] PHP Warning:  Undefined array key "ACCOUNT_USERNAME" in C:\xampp\htdocs\QUEUE\theme\topnav.php on line 39
[17-Mar-2025 12:53:57 Asia/Manila] PHP Warning:  Undefined array key "ACCOUNT_USERNAME" in C:\xampp\htdocs\QUEUE\theme\topnav.php on line 39
[17-Mar-2025 12:54:03 Asia/Manila] PHP Warning:  Undefined array key "ACCOUNT_USERNAME" in C:\xampp\htdocs\QUEUE\theme\topnav.php on line 39
[17-Mar-2025 12:54:09 Asia/Manila] PHP Warning:  Undefined array key "ACCOUNT_USERNAME" in C:\xampp\htdocs\QUEUE\theme\topnav.php on line 39
[17-Mar-2025 12:54:15 Asia/Manila] PHP Warning:  Undefined array key "ACCOUNT_USERNAME" in C:\xampp\htdocs\QUEUE\theme\topnav.php on line 39
[17-Mar-2025 12:54:21 Asia/Manila] PHP Warning:  Undefined array key "ACCOUNT_USERNAME" in C:\xampp\htdocs\QUEUE\theme\topnav.php on line 39
[17-Mar-2025 12:54:28 Asia/Manila] PHP Warning:  Undefined array key "ACCOUNT_USERNAME" in C:\xampp\htdocs\QUEUE\theme\topnav.php on line 39
[17-Mar-2025 12:54:34 Asia/Manila] PHP Warning:  Undefined array key "ACCOUNT_USERNAME" in C:\xampp\htdocs\QUEUE\theme\topnav.php on line 39
[17-Mar-2025 12:54:39 Asia/Manila] PHP Warning:  Undefined array key "ACCOUNT_USERNAME" in C:\xampp\htdocs\QUEUE\theme\topnav.php on line 39
[17-Mar-2025 12:54:45 Asia/Manila] PHP Warning:  Undefined array key "ACCOUNT_USERNAME" in C:\xampp\htdocs\QUEUE\theme\topnav.php on line 39
[17-Mar-2025 12:54:51 Asia/Manila] PHP Warning:  Undefined array key "ACCOUNT_USERNAME" in C:\xampp\htdocs\QUEUE\theme\topnav.php on line 39
[17-Mar-2025 12:54:57 Asia/Manila] PHP Warning:  Undefined array key "ACCOUNT_USERNAME" in C:\xampp\htdocs\QUEUE\theme\topnav.php on line 39
[17-Mar-2025 12:55:04 Asia/Manila] PHP Warning:  Undefined array key "ACCOUNT_USERNAME" in C:\xampp\htdocs\QUEUE\theme\topnav.php on line 39
[17-Mar-2025 12:55:09 Asia/Manila] PHP Warning:  Undefined array key "ACCOUNT_USERNAME" in C:\xampp\htdocs\QUEUE\theme\topnav.php on line 39
[17-Mar-2025 12:55:15 Asia/Manila] PHP Warning:  Undefined array key "ACCOUNT_USERNAME" in C:\xampp\htdocs\QUEUE\theme\topnav.php on line 39
[17-Mar-2025 12:55:22 Asia/Manila] PHP Warning:  Undefined array key "ACCOUNT_USERNAME" in C:\xampp\htdocs\QUEUE\theme\topnav.php on line 39
[17-Mar-2025 12:55:27 Asia/Manila] PHP Warning:  Undefined array key "ACCOUNT_USERNAME" in C:\xampp\htdocs\QUEUE\theme\topnav.php on line 39
[17-Mar-2025 12:55:33 Asia/Manila] PHP Warning:  Undefined array key "ACCOUNT_USERNAME" in C:\xampp\htdocs\QUEUE\theme\topnav.php on line 39
[17-Mar-2025 12:55:39 Asia/Manila] PHP Warning:  Undefined array key "ACCOUNT_USERNAME" in C:\xampp\htdocs\QUEUE\theme\topnav.php on line 39
[17-Mar-2025 12:55:46 Asia/Manila] PHP Warning:  Undefined array key "ACCOUNT_USERNAME" in C:\xampp\htdocs\QUEUE\theme\topnav.php on line 39
[17-Mar-2025 12:55:51 Asia/Manila] PHP Warning:  Undefined array key "ACCOUNT_USERNAME" in C:\xampp\htdocs\QUEUE\theme\topnav.php on line 39
[17-Mar-2025 12:55:58 Asia/Manila] PHP Warning:  Undefined array key "ACCOUNT_USERNAME" in C:\xampp\htdocs\QUEUE\theme\topnav.php on line 39
[17-Mar-2025 12:56:03 Asia/Manila] PHP Warning:  Undefined array key "ACCOUNT_USERNAME" in C:\xampp\htdocs\QUEUE\theme\topnav.php on line 39
[17-Mar-2025 12:56:09 Asia/Manila] PHP Warning:  Undefined array key "ACCOUNT_USERNAME" in C:\xampp\htdocs\QUEUE\theme\topnav.php on line 39
[17-Mar-2025 12:56:15 Asia/Manila] PHP Warning:  Undefined array key "ACCOUNT_USERNAME" in C:\xampp\htdocs\QUEUE\theme\topnav.php on line 39
[17-Mar-2025 12:56:21 Asia/Manila] PHP Warning:  Undefined array key "ACCOUNT_USERNAME" in C:\xampp\htdocs\QUEUE\theme\topnav.php on line 39
[17-Mar-2025 12:56:27 Asia/Manila] PHP Warning:  Undefined array key "ACCOUNT_USERNAME" in C:\xampp\htdocs\QUEUE\theme\topnav.php on line 39
[17-Mar-2025 12:56:33 Asia/Manila] PHP Warning:  Undefined array key "ACCOUNT_USERNAME" in C:\xampp\htdocs\QUEUE\theme\topnav.php on line 39
[17-Mar-2025 12:56:39 Asia/Manila] PHP Warning:  Undefined array key "ACCOUNT_USERNAME" in C:\xampp\htdocs\QUEUE\theme\topnav.php on line 39
[17-Mar-2025 12:56:45 Asia/Manila] PHP Warning:  Undefined array key "ACCOUNT_USERNAME" in C:\xampp\htdocs\QUEUE\theme\topnav.php on line 39
[17-Mar-2025 12:56:51 Asia/Manila] PHP Warning:  Undefined array key "ACCOUNT_USERNAME" in C:\xampp\htdocs\QUEUE\theme\topnav.php on line 39
[17-Mar-2025 12:56:57 Asia/Manila] PHP Warning:  Undefined array key "ACCOUNT_USERNAME" in C:\xampp\htdocs\QUEUE\theme\topnav.php on line 39
[17-Mar-2025 12:57:04 Asia/Manila] PHP Warning:  Undefined array key "ACCOUNT_USERNAME" in C:\xampp\htdocs\QUEUE\theme\topnav.php on line 39
[17-Mar-2025 12:57:09 Asia/Manila] PHP Warning:  Undefined array key "ACCOUNT_USERNAME" in C:\xampp\htdocs\QUEUE\theme\topnav.php on line 39
[17-Mar-2025 12:57:15 Asia/Manila] PHP Warning:  Undefined array key "ACCOUNT_USERNAME" in C:\xampp\htdocs\QUEUE\theme\topnav.php on line 39
[17-Mar-2025 12:57:21 Asia/Manila] PHP Warning:  Undefined array key "ACCOUNT_USERNAME" in C:\xampp\htdocs\QUEUE\theme\topnav.php on line 39
[17-Mar-2025 12:57:27 Asia/Manila] PHP Warning:  Undefined array key "ACCOUNT_USERNAME" in C:\xampp\htdocs\QUEUE\theme\topnav.php on line 39
[17-Mar-2025 12:57:33 Asia/Manila] PHP Warning:  Undefined array key "ACCOUNT_USERNAME" in C:\xampp\htdocs\QUEUE\theme\topnav.php on line 39
[17-Mar-2025 12:57:40 Asia/Manila] PHP Warning:  Undefined array key "ACCOUNT_USERNAME" in C:\xampp\htdocs\QUEUE\theme\topnav.php on line 39
[17-Mar-2025 12:57:45 Asia/Manila] PHP Warning:  Undefined array key "ACCOUNT_USERNAME" in C:\xampp\htdocs\QUEUE\theme\topnav.php on line 39
[17-Mar-2025 12:57:52 Asia/Manila] PHP Warning:  Undefined array key "ACCOUNT_USERNAME" in C:\xampp\htdocs\QUEUE\theme\topnav.php on line 39
[17-Mar-2025 12:57:57 Asia/Manila] PHP Warning:  Undefined array key "ACCOUNT_USERNAME" in C:\xampp\htdocs\QUEUE\theme\topnav.php on line 39
[17-Mar-2025 12:58:03 Asia/Manila] PHP Warning:  Undefined array key "ACCOUNT_USERNAME" in C:\xampp\htdocs\QUEUE\theme\topnav.php on line 39
[17-Mar-2025 12:58:09 Asia/Manila] PHP Warning:  Undefined array key "ACCOUNT_USERNAME" in C:\xampp\htdocs\QUEUE\theme\topnav.php on line 39
[17-Mar-2025 12:58:15 Asia/Manila] PHP Warning:  Undefined array key "ACCOUNT_USERNAME" in C:\xampp\htdocs\QUEUE\theme\topnav.php on line 39
[17-Mar-2025 12:58:21 Asia/Manila] PHP Warning:  Undefined array key "ACCOUNT_USERNAME" in C:\xampp\htdocs\QUEUE\theme\topnav.php on line 39
[17-Mar-2025 12:58:27 Asia/Manila] PHP Warning:  Undefined array key "ACCOUNT_USERNAME" in C:\xampp\htdocs\QUEUE\theme\topnav.php on line 39
[17-Mar-2025 12:58:34 Asia/Manila] PHP Warning:  Undefined array key "ACCOUNT_USERNAME" in C:\xampp\htdocs\QUEUE\theme\topnav.php on line 39
[17-Mar-2025 12:58:39 Asia/Manila] PHP Warning:  Undefined array key "ACCOUNT_USERNAME" in C:\xampp\htdocs\QUEUE\theme\topnav.php on line 39
[17-Mar-2025 12:58:45 Asia/Manila] PHP Warning:  Undefined array key "ACCOUNT_USERNAME" in C:\xampp\htdocs\QUEUE\theme\topnav.php on line 39
[17-Mar-2025 12:58:51 Asia/Manila] PHP Warning:  Undefined array key "ACCOUNT_USERNAME" in C:\xampp\htdocs\QUEUE\theme\topnav.php on line 39
[17-Mar-2025 12:58:58 Asia/Manila] PHP Warning:  Undefined array key "ACCOUNT_USERNAME" in C:\xampp\htdocs\QUEUE\theme\topnav.php on line 39
[17-Mar-2025 12:59:04 Asia/Manila] PHP Warning:  Undefined array key "ACCOUNT_USERNAME" in C:\xampp\htdocs\QUEUE\theme\topnav.php on line 39
[17-Mar-2025 12:59:09 Asia/Manila] PHP Warning:  Undefined array key "ACCOUNT_USERNAME" in C:\xampp\htdocs\QUEUE\theme\topnav.php on line 39
[17-Mar-2025 12:59:16 Asia/Manila] PHP Warning:  Undefined array key "ACCOUNT_USERNAME" in C:\xampp\htdocs\QUEUE\theme\topnav.php on line 39
[17-Mar-2025 12:59:21 Asia/Manila] PHP Warning:  Undefined array key "ACCOUNT_USERNAME" in C:\xampp\htdocs\QUEUE\theme\topnav.php on line 39
[17-Mar-2025 12:59:28 Asia/Manila] PHP Warning:  Undefined array key "ACCOUNT_USERNAME" in C:\xampp\htdocs\QUEUE\theme\topnav.php on line 39
[17-Mar-2025 12:59:33 Asia/Manila] PHP Warning:  Undefined array key "ACCOUNT_USERNAME" in C:\xampp\htdocs\QUEUE\theme\topnav.php on line 39
[17-Mar-2025 12:59:39 Asia/Manila] PHP Warning:  Undefined array key "ACCOUNT_USERNAME" in C:\xampp\htdocs\QUEUE\theme\topnav.php on line 39
[17-Mar-2025 12:59:45 Asia/Manila] PHP Warning:  Undefined array key "ACCOUNT_USERNAME" in C:\xampp\htdocs\QUEUE\theme\topnav.php on line 39
[17-Mar-2025 12:59:52 Asia/Manila] PHP Warning:  Undefined array key "ACCOUNT_USERNAME" in C:\xampp\htdocs\QUEUE\theme\topnav.php on line 39
[17-Mar-2025 12:59:57 Asia/Manila] PHP Warning:  Undefined array key "ACCOUNT_USERNAME" in C:\xampp\htdocs\QUEUE\theme\topnav.php on line 39
[17-Mar-2025 13:00:03 Asia/Manila] PHP Warning:  Undefined array key "ACCOUNT_USERNAME" in C:\xampp\htdocs\QUEUE\theme\topnav.php on line 39
[17-Mar-2025 13:00:09 Asia/Manila] PHP Warning:  Undefined array key "ACCOUNT_USERNAME" in C:\xampp\htdocs\QUEUE\theme\topnav.php on line 39
[17-Mar-2025 13:00:15 Asia/Manila] PHP Warning:  Undefined array key "ACCOUNT_USERNAME" in C:\xampp\htdocs\QUEUE\theme\topnav.php on line 39
[17-Mar-2025 13:00:22 Asia/Manila] PHP Warning:  Undefined array key "ACCOUNT_USERNAME" in C:\xampp\htdocs\QUEUE\theme\topnav.php on line 39
[17-Mar-2025 13:00:27 Asia/Manila] PHP Warning:  Undefined array key "ACCOUNT_USERNAME" in C:\xampp\htdocs\QUEUE\theme\topnav.php on line 39
[17-Mar-2025 13:00:33 Asia/Manila] PHP Warning:  Undefined array key "ACCOUNT_USERNAME" in C:\xampp\htdocs\QUEUE\theme\topnav.php on line 39
[17-Mar-2025 13:00:39 Asia/Manila] PHP Warning:  Undefined array key "ACCOUNT_USERNAME" in C:\xampp\htdocs\QUEUE\theme\topnav.php on line 39
[17-Mar-2025 13:00:45 Asia/Manila] PHP Warning:  Undefined array key "ACCOUNT_USERNAME" in C:\xampp\htdocs\QUEUE\theme\topnav.php on line 39
[17-Mar-2025 13:00:51 Asia/Manila] PHP Warning:  Undefined array key "ACCOUNT_USERNAME" in C:\xampp\htdocs\QUEUE\theme\topnav.php on line 39
[17-Mar-2025 13:00:57 Asia/Manila] PHP Warning:  Undefined array key "ACCOUNT_USERNAME" in C:\xampp\htdocs\QUEUE\theme\topnav.php on line 39
[17-Mar-2025 13:01:03 Asia/Manila] PHP Warning:  Undefined array key "ACCOUNT_USERNAME" in C:\xampp\htdocs\QUEUE\theme\topnav.php on line 39
[17-Mar-2025 13:01:09 Asia/Manila] PHP Warning:  Undefined array key "ACCOUNT_USERNAME" in C:\xampp\htdocs\QUEUE\theme\topnav.php on line 39
[17-Mar-2025 13:01:15 Asia/Manila] PHP Warning:  Undefined array key "ACCOUNT_USERNAME" in C:\xampp\htdocs\QUEUE\theme\topnav.php on line 39
[17-Mar-2025 13:01:22 Asia/Manila] PHP Warning:  Undefined array key "ACCOUNT_USERNAME" in C:\xampp\htdocs\QUEUE\theme\topnav.php on line 39
[17-Mar-2025 13:01:27 Asia/Manila] PHP Warning:  Undefined array key "ACCOUNT_USERNAME" in C:\xampp\htdocs\QUEUE\theme\topnav.php on line 39
[17-Mar-2025 13:01:34 Asia/Manila] PHP Warning:  Undefined array key "ACCOUNT_USERNAME" in C:\xampp\htdocs\QUEUE\theme\topnav.php on line 39
[17-Mar-2025 13:01:39 Asia/Manila] PHP Warning:  Undefined array key "ACCOUNT_USERNAME" in C:\xampp\htdocs\QUEUE\theme\topnav.php on line 39
[17-Mar-2025 13:01:45 Asia/Manila] PHP Warning:  Undefined array key "ACCOUNT_USERNAME" in C:\xampp\htdocs\QUEUE\theme\topnav.php on line 39
[17-Mar-2025 13:01:51 Asia/Manila] PHP Warning:  Undefined array key "ACCOUNT_USERNAME" in C:\xampp\htdocs\QUEUE\theme\topnav.php on line 39
[17-Mar-2025 13:01:57 Asia/Manila] PHP Warning:  Undefined array key "ACCOUNT_USERNAME" in C:\xampp\htdocs\QUEUE\theme\topnav.php on line 39
[17-Mar-2025 13:02:04 Asia/Manila] PHP Warning:  Undefined array key "ACCOUNT_USERNAME" in C:\xampp\htdocs\QUEUE\theme\topnav.php on line 39
[17-Mar-2025 13:02:10 Asia/Manila] PHP Warning:  Undefined array key "ACCOUNT_USERNAME" in C:\xampp\htdocs\QUEUE\theme\topnav.php on line 39
[17-Mar-2025 13:02:15 Asia/Manila] PHP Warning:  Undefined array key "ACCOUNT_USERNAME" in C:\xampp\htdocs\QUEUE\theme\topnav.php on line 39
[17-Mar-2025 13:02:21 Asia/Manila] PHP Warning:  Undefined array key "ACCOUNT_USERNAME" in C:\xampp\htdocs\QUEUE\theme\topnav.php on line 39
[17-Mar-2025 13:02:27 Asia/Manila] PHP Warning:  Undefined array key "ACCOUNT_USERNAME" in C:\xampp\htdocs\QUEUE\theme\topnav.php on line 39
[17-Mar-2025 13:02:33 Asia/Manila] PHP Warning:  Undefined array key "ACCOUNT_USERNAME" in C:\xampp\htdocs\QUEUE\theme\topnav.php on line 39
[17-Mar-2025 13:02:39 Asia/Manila] PHP Warning:  Undefined array key "ACCOUNT_USERNAME" in C:\xampp\htdocs\QUEUE\theme\topnav.php on line 39
[17-Mar-2025 13:02:45 Asia/Manila] PHP Warning:  Undefined array key "ACCOUNT_USERNAME" in C:\xampp\htdocs\QUEUE\theme\topnav.php on line 39
[17-Mar-2025 13:02:51 Asia/Manila] PHP Warning:  Undefined array key "ACCOUNT_USERNAME" in C:\xampp\htdocs\QUEUE\theme\topnav.php on line 39
[17-Mar-2025 13:02:57 Asia/Manila] PHP Warning:  Undefined array key "ACCOUNT_USERNAME" in C:\xampp\htdocs\QUEUE\theme\topnav.php on line 39
[17-Mar-2025 13:03:04 Asia/Manila] PHP Warning:  Undefined array key "ACCOUNT_USERNAME" in C:\xampp\htdocs\QUEUE\theme\topnav.php on line 39
[17-Mar-2025 13:03:09 Asia/Manila] PHP Warning:  Undefined array key "ACCOUNT_USERNAME" in C:\xampp\htdocs\QUEUE\theme\topnav.php on line 39
[17-Mar-2025 13:03:15 Asia/Manila] PHP Warning:  Undefined array key "ACCOUNT_USERNAME" in C:\xampp\htdocs\QUEUE\theme\topnav.php on line 39
[17-Mar-2025 13:03:22 Asia/Manila] PHP Warning:  Undefined array key "ACCOUNT_USERNAME" in C:\xampp\htdocs\QUEUE\theme\topnav.php on line 39
[17-Mar-2025 13:03:28 Asia/Manila] PHP Warning:  Undefined array key "ACCOUNT_USERNAME" in C:\xampp\htdocs\QUEUE\theme\topnav.php on line 39
[17-Mar-2025 13:03:33 Asia/Manila] PHP Warning:  Undefined array key "ACCOUNT_USERNAME" in C:\xampp\htdocs\QUEUE\theme\topnav.php on line 39
[17-Mar-2025 13:03:40 Asia/Manila] PHP Warning:  Undefined array key "ACCOUNT_USERNAME" in C:\xampp\htdocs\QUEUE\theme\topnav.php on line 39
[17-Mar-2025 13:03:45 Asia/Manila] PHP Warning:  Undefined array key "ACCOUNT_USERNAME" in C:\xampp\htdocs\QUEUE\theme\topnav.php on line 39
[17-Mar-2025 13:03:51 Asia/Manila] PHP Warning:  Undefined array key "ACCOUNT_USERNAME" in C:\xampp\htdocs\QUEUE\theme\topnav.php on line 39
[17-Mar-2025 13:03:57 Asia/Manila] PHP Warning:  Undefined array key "ACCOUNT_USERNAME" in C:\xampp\htdocs\QUEUE\theme\topnav.php on line 39
[17-Mar-2025 13:12:13 Asia/Manila] PHP Warning:  Undefined array key "ACCOUNT_USERNAME" in C:\xampp\htdocs\QUEUE\theme\topnav.php on line 39
[17-Mar-2025 13:12:21 Asia/Manila] PHP Warning:  Undefined array key "ACCOUNT_USERNAME" in C:\xampp\htdocs\QUEUE\theme\topnav.php on line 39
[17-Mar-2025 13:12:21 Asia/Manila] PHP Warning:  Undefined array key "ACCOUNT_USERNAME" in C:\xampp\htdocs\QUEUE\theme\topnav.php on line 39
[17-Mar-2025 13:12:22 Asia/Manila] PHP Warning:  Undefined array key "ACCOUNT_USERNAME" in C:\xampp\htdocs\QUEUE\theme\topnav.php on line 39
[17-Mar-2025 13:12:27 Asia/Manila] PHP Warning:  Undefined array key "ACCOUNT_USERNAME" in C:\xampp\htdocs\QUEUE\theme\topnav.php on line 39
[17-Mar-2025 13:12:33 Asia/Manila] PHP Warning:  Undefined array key "ACCOUNT_USERNAME" in C:\xampp\htdocs\QUEUE\theme\topnav.php on line 39
[17-Mar-2025 13:12:38 Asia/Manila] PHP Warning:  Undefined array key "ACCOUNT_USERNAME" in C:\xampp\htdocs\QUEUE\theme\topnav.php on line 39
[17-Mar-2025 13:12:43 Asia/Manila] PHP Warning:  Undefined array key "ACCOUNT_USERNAME" in C:\xampp\htdocs\QUEUE\theme\topnav.php on line 39
[17-Mar-2025 13:12:44 Asia/Manila] PHP Warning:  Undefined array key "ACCOUNT_USERNAME" in C:\xampp\htdocs\QUEUE\theme\topnav.php on line 39
[17-Mar-2025 13:12:50 Asia/Manila] PHP Warning:  Undefined array key "ACCOUNT_USERNAME" in C:\xampp\htdocs\QUEUE\theme\topnav.php on line 39
[17-Mar-2025 13:12:56 Asia/Manila] PHP Warning:  Undefined array key "ACCOUNT_USERNAME" in C:\xampp\htdocs\QUEUE\theme\topnav.php on line 39
[17-Mar-2025 13:13:02 Asia/Manila] PHP Warning:  Undefined array key "ACCOUNT_USERNAME" in C:\xampp\htdocs\QUEUE\theme\topnav.php on line 39
[17-Mar-2025 13:13:03 Asia/Manila] PHP Warning:  Undefined array key "ACCOUNT_USERNAME" in C:\xampp\htdocs\QUEUE\theme\topnav.php on line 39
[17-Mar-2025 13:13:09 Asia/Manila] PHP Warning:  Undefined array key "ACCOUNT_USERNAME" in C:\xampp\htdocs\QUEUE\theme\topnav.php on line 39
[17-Mar-2025 13:13:14 Asia/Manila] PHP Warning:  Undefined array key "ACCOUNT_USERNAME" in C:\xampp\htdocs\QUEUE\theme\topnav.php on line 39
[17-Mar-2025 13:13:20 Asia/Manila] PHP Warning:  Undefined array key "ACCOUNT_USERNAME" in C:\xampp\htdocs\QUEUE\theme\topnav.php on line 39
[17-Mar-2025 13:13:24 Asia/Manila] PHP Warning:  Undefined array key "ACCOUNT_USERNAME" in C:\xampp\htdocs\QUEUE\theme\topnav.php on line 39
[17-Mar-2025 13:13:26 Asia/Manila] PHP Warning:  Undefined array key "ACCOUNT_USERNAME" in C:\xampp\htdocs\QUEUE\theme\topnav.php on line 39
[17-Mar-2025 13:13:33 Asia/Manila] PHP Warning:  Undefined array key "ACCOUNT_USERNAME" in C:\xampp\htdocs\QUEUE\theme\topnav.php on line 39
[17-Mar-2025 13:13:38 Asia/Manila] PHP Warning:  Undefined array key "ACCOUNT_USERNAME" in C:\xampp\htdocs\QUEUE\theme\topnav.php on line 39
[17-Mar-2025 13:13:45 Asia/Manila] PHP Warning:  Undefined array key "ACCOUNT_USERNAME" in C:\xampp\htdocs\QUEUE\theme\topnav.php on line 39
[17-Mar-2025 13:13:45 Asia/Manila] PHP Warning:  Undefined array key "ACCOUNT_USERNAME" in C:\xampp\htdocs\QUEUE\theme\topnav.php on line 39
[17-Mar-2025 13:13:51 Asia/Manila] PHP Warning:  Undefined array key "ACCOUNT_USERNAME" in C:\xampp\htdocs\QUEUE\theme\topnav.php on line 39
[17-Mar-2025 13:13:57 Asia/Manila] PHP Warning:  Undefined array key "ACCOUNT_USERNAME" in C:\xampp\htdocs\QUEUE\theme\topnav.php on line 39
